date,aaba,aal,aapl,adbe,akam,alxn,amat,amzn,atvi,avgo,bidu,cmcsa,csco,ctxs,ea,fb,fox,foxa,goog,googl,intc,khc,mar,msft,nflx,pypl,trip,tsla,wba,nasdaq
2018-01-02,73.129997,52.990002,172.259995,177.699997,65.559998,124.050003,53.040001,1189.010010,64.309998,267.010010,242.399994,41.070000,38.860001,88.690002,109.449997,181.419998,35.360001,35.860001,1065.000000,1073.209961,46.849998,77.019997,133.750000,85.949997,201.070007,73.839996,34.770000,320.529999,74.949997,7006.899902
2018-01-03,73.779999,52.340000,172.229996,181.039993,65.940002,124.949997,53.980000,1204.199951,65.309998,269.929993,245.550003,40.410000,39.169998,89.650002,109.750000,184.669998,35.930000,36.540001,1082.479980,1091.520020,45.259998,77.010002,136.449997,86.349998,205.050003,76.750000,34.970001,317.250000,75.510002,7065.529785
2018-01-04,74.570000,52.669998,173.029999,183.220001,65.599998,122.690002,54.290001,1209.589966,64.660004,270.019989,245.729996,40.669998,38.990002,90.699997,107.190002,184.330002,36.169998,36.820000,1086.400024,1095.760010,44.430000,77.910004,135.699997,87.110001,205.630005,76.730003,34.919998,314.619995,71.599998,7077.910156
2018-01-05,76.489998,52.650002,175.000000,185.339996,65.830002,122.800003,54.599998,1229.140015,66.370003,271.619995,245.139999,41.040001,39.529999,91.480003,112.389999,186.850006,36.349998,36.750000,1102.229980,1110.290039,44.740002,77.839996,134.399994,88.190002,209.990005,78.699997,34.730000,316.579987,72.919998,7136.560059
2018-01-08,76.480003,52.130001,174.350006,185.039993,65.879997,119.699997,55.919998,1246.869995,66.629997,272.269989,250.820007,40.480000,39.939999,90.970001,113.220001,188.279999,35.849998,36.240002,1106.939941,1114.209961,44.740002,78.480003,136.339996,88.279999,212.050003,79.050003,34.669998,336.410004,73.849998,7157.390137
2018-01-09,76.589996,52.080002,174.330002,186.699997,67.489998,121.800003,54.860001,1252.699951,66.190002,268.500000,254.729996,40.610001,39.689999,91.190002,112.180000,187.869995,36.180000,36.540001,1106.260010,1112.790039,43.619999,78.620003,137.710007,88.220001,209.309998,79.190002,34.590000,333.690002,73.419998,7163.580078
2018-01-10,76.510002,53.779999,174.289993,187.110001,66.330002,121.459999,53.299999,1254.329956,66.830002,262.829987,248.949997,41.090000,39.910000,90.820000,112.250000,187.839996,35.320000,35.599998,1102.609985,1110.140015,42.500000,77.889999,137.699997,87.820000,212.520004,79.370003,34.490002,334.799988,74.080002,7153.569824
2018-01-11,76.139999,56.419998,175.279999,188.919998,65.209999,122.480003,53.200001,1276.680054,69.239998,263.500000,250.220001,42.599998,40.099998,89.809998,112.000000,187.770004,35.799999,36.200001,1105.520020,1112.050049,43.410000,77.129997,139.429993,88.080002,217.240005,79.750000,35.279999,337.950012,75.379997,7211.779785
2018-01-12,75.849998,58.470001,177.089996,195.050003,65.519997,122.709999,53.450001,1305.199951,70.360001,264.290009,253.039993,42.439999,40.869999,90.040001,113.129997,179.369995,36.369999,36.730000,1122.260010,1130.650024,43.240002,77.349998,139.779999,89.599998,221.229996,80.540001,36.540001,336.220001,76.070000,7261.060059
2018-01-16,73.919998,57.980000,176.190002,192.460007,64.500000,124.480003,54.500000,1304.859985,68.709999,263.250000,257.779999,41.820000,40.540001,89.959999,111.919998,178.389999,35.790001,36.290001,1121.760010,1130.699951,43.139999,78.639999,139.119995,88.349998,221.529999,80.419998,35.889999,340.059998,76.029999,7223.689941
2018-01-17,74.139999,58.160000,179.100006,196.490005,65.400002,122.120003,57.340000,1295.000000,70.360001,265.809998,255.490005,41.680000,41.200001,91.190002,113.139999,177.600006,36.490002,37.110001,1131.979980,1139.099976,44.389999,80.070000,142.000000,90.139999,217.500000,82.470001,35.900002,347.160004,75.779999,7298.279785
2018-01-18,74.230003,58.340000,179.259995,196.199997,65.080002,120.349998,57.400002,1293.319946,69.800003,269.799988,254.960007,41.849998,41.299999,91.379997,115.279999,179.800003,35.730000,36.180000,1129.790039,1135.969971,44.480000,79.269997,141.130005,90.099998,220.330002,82.940002,35.619999,344.570007,76.000000,7296.049805
2018-01-19,74.360001,58.060001,178.460007,195.729996,65.629997,121.050003,57.400002,1294.579956,70.570000,266.390015,255.979996,42.500000,41.290001,92.720001,116.180000,181.289993,36.259998,36.650002,1137.510010,1143.500000,44.820000,79.660004,144.070007,90.000000,220.460007,83.839996,35.450001,350.019989,76.470001,7336.379883
2018-01-22,74.160004,58.099998,177.000000,197.839996,65.650002,123.669998,57.459999,1327.310059,71.300003,262.109985,254.339996,42.889999,41.660000,93.839996,117.989998,185.369995,36.959999,37.310001,1155.810059,1164.160034,45.750000,80.169998,143.809998,91.610001,227.580002,83.980003,37.200001,351.559998,77.400002,7408.029785
2018-01-23,76.570000,58.290001,177.039993,200.089996,66.000000,125.589996,57.790001,1362.540039,71.550003,262.899994,257.350006,42.439999,42.099998,94.010002,117.669998,189.350006,37.189999,37.509998,1169.969971,1176.170044,46.060001,80.269997,145.800003,91.900002,250.289993,84.209999,36.299999,352.790009,77.019997,7460.290039
2018-01-24,77.809998,54.790001,174.220001,197.779999,66.019997,125.010002,56.880001,1357.510010,70.080002,256.859985,257.959991,42.990002,42.169998,93.779999,114.660004,186.550003,37.490002,38.000000,1164.239990,1171.290039,45.509998,79.860001,144.389999,91.820000,261.299988,83.709999,36.310001,345.890015,77.330002,7415.060059
2018-01-25,78.580002,53.049999,171.110001,197.509995,66.870003,124.949997,55.759998,1377.949951,70.820000,247.289993,254.139999,42.139999,41.900002,94.000000,114.500000,187.479996,37.730000,38.180000,1170.369995,1182.140015,45.299999,79.669998,145.500000,92.330002,269.700012,84.339996,36.490002,337.640015,78.269997,7411.160156
2018-01-26,80.300003,53.070000,171.509995,201.300003,67.620003,128.089996,57.119999,1402.050049,72.519997,250.789993,260.250000,42.799999,42.560001,94.699997,115.199997,190.000000,38.320000,38.810001,1175.839966,1187.560059,50.080002,79.389999,147.139999,94.059998,274.600006,85.449997,36.779999,342.850006,79.150002,7505.770020
2018-01-29,79.339996,52.680000,167.960007,198.229996,67.250000,126.790001,55.330002,1417.680054,72.449997,245.470001,253.729996,41.980000,42.849998,93.680000,117.650002,185.979996,38.139999,38.740002,1175.579956,1186.479980,49.980000,78.419998,147.990005,93.919998,284.589996,84.309998,36.330002,349.529999,80.269997,7466.509766
2018-01-30,78.269997,52.590000,166.970001,196.899994,66.559998,122.360001,53.380001,1437.819946,71.610001,240.979996,244.070007,42.340000,42.250000,92.690002,118.699997,187.119995,37.880001,38.459999,1163.689941,1177.369995,48.790001,78.500000,147.270004,92.739998,278.799988,83.779999,34.900002,345.820007,76.129997,7402.479980
2018-01-31,79.879997,54.320000,167.429993,199.759995,66.989998,119.320000,53.630001,1450.890015,74.129997,248.029999,246.919998,42.529999,41.540001,92.760002,126.959999,186.889999,36.490002,36.900002,1169.939941,1182.219971,48.139999,78.389999,147.339996,95.010002,270.299988,85.320000,34.669998,354.309998,75.260002,7411.479980
2018-02-01,76.010002,53.880001,167.779999,199.380005,67.559998,118.089996,53.279999,1390.000000,73.349998,238.789993,240.529999,41.889999,41.700001,93.430000,128.179993,193.089996,36.709999,37.009998,1167.699951,1181.589966,47.650002,78.570000,147.520004,94.260002,265.070007,78.400002,34.619999,349.250000,76.059998,7385.859863
2018-02-02,74.400002,52.099998,160.500000,195.639999,65.720001,116.150002,50.680000,1429.949951,71.419998,235.479996,233.169998,41.110001,40.930000,92.190002,124.529999,190.279999,36.220001,36.720001,1111.900024,1119.199951,46.150002,77.190002,141.169998,91.779999,267.429993,76.570000,34.349998,343.750000,73.559998,7240.950195
2018-02-05,72.510002,49.759998,156.490005,190.270004,62.810001,112.720001,48.310001,1390.000000,67.980003,228.100006,225.320007,39.200001,38.779999,89.070000,121.639999,181.259995,35.560001,36.139999,1055.800049,1062.390015,44.520000,74.260002,136.339996,88.000000,254.259995,74.705002,35.619999,333.130005,70.430000,6967.529785
2018-02-06,73.529999,51.180000,163.029999,194.470001,63.669998,114.910004,50.250000,1442.839966,69.699997,240.380005,228.770004,39.669998,40.169998,89.120003,123.129997,185.309998,36.419998,36.799999,1080.599976,1084.430054,44.910000,74.309998,140.029999,91.330002,265.720001,75.680000,40.840000,333.970001,71.790001,7115.879883
2018-02-07,72.160004,51.400002,159.539993,192.339996,64.480003,117.150002,48.689999,1416.780029,69.459999,237.380005,222.500000,40.150002,40.340000,87.599998,123.050003,180.179993,35.700001,36.060001,1048.579956,1055.410034,45.200001,73.550003,139.639999,89.610001,264.559998,75.589996,41.049999,345.000000,71.529999,7051.979980
2018-02-08,69.150002,48.599998,155.149994,185.160004,62.490002,108.470001,45.750000,1350.500000,65.830002,229.570007,212.070007,38.189999,38.770000,84.529999,116.540001,171.580002,34.090000,34.560001,1001.520020,1007.710022,42.750000,71.580002,133.880005,85.010002,250.100006,72.320000,40.049999,315.230011,68.220001,6777.160156
2018-02-09,70.480003,48.360001,156.410004,187.990005,64.129997,108.599998,48.080002,1339.599976,67.080002,235.500000,215.669998,38.570000,39.529999,85.750000,120.639999,176.110001,35.189999,35.730000,1037.780029,1046.270020,43.950001,71.379997,136.289993,88.180000,249.470001,74.750000,38.310001,310.420013,68.459999,6874.490234
2018-02-12,71.099998,50.090000,162.710007,192.149994,64.930000,115.430000,49.500000,1386.229980,68.320000,244.399994,221.639999,38.540001,40.599998,86.790001,122.220001,176.410004,35.950001,36.400002,1051.939941,1054.560059,44.830002,71.809998,139.100006,89.129997,257.950012,75.279999,37.709999,315.730011,68.459999,6981.959961
2018-02-13,71.309998,50.869999,164.339996,193.479996,64.489998,113.970001,49.549999,1414.510010,68.029999,245.860001,225.600006,38.959999,41.230000,86.870003,122.279999,173.149994,36.189999,36.580002,1052.099976,1054.140015,44.459999,71.709999,140.610001,89.830002,258.269989,74.970001,39.880001,323.660004,68.290001,7013.509766
2018-02-14,73.660004,51.070000,167.369995,197.130005,66.870003,123.199997,51.959999,1451.050049,69.650002,247.660004,235.889999,39.430000,42.090000,89.440002,123.769997,179.520004,36.180000,36.549999,1069.699951,1072.699951,45.380001,71.919998,145.240005,90.809998,266.000000,77.269997,40.720001,322.309998,68.489998,7143.620117
2018-02-15,74.400002,51.669998,172.990005,202.970001,67.400002,122.709999,53.990002,1461.760010,71.989998,251.830002,248.199997,40.080002,44.080002,90.989998,126.480003,179.960007,36.650002,36.959999,1089.520020,1091.359985,45.919998,72.709999,141.289993,92.660004,280.269989,78.294998,42.400002,334.070007,69.779999,7256.430176
2018-02-16,73.510002,51.580002,172.429993,201.559998,66.889999,120.470001,55.029999,1448.689941,70.190002,248.889999,244.720001,39.790001,44.330002,91.209999,126.019997,177.360001,37.040001,37.459999,1094.800049,1095.500000,45.560001,70.800003,138.500000,92.000000,278.519989,78.370003,43.320000,335.489990,70.919998,7239.470215
2018-02-20,74.589996,51.720001,171.850006,202.979996,66.769997,118.849998,56.660000,1468.349976,70.839996,249.619995,245.429993,39.470001,44.060001,91.779999,126.339996,176.009995,36.610001,37.130001,1102.459961,1103.589966,46.320000,68.690002,140.440002,92.720001,278.549988,77.059998,42.650002,334.769989,70.910004,7234.310059
2018-02-21,75.110001,52.779999,171.070007,202.089996,66.320000,117.099998,56.130001,1482.920044,70.220001,248.619995,246.919998,39.009998,43.310001,91.379997,124.900002,177.910004,36.560001,37.060001,1111.339966,1113.750000,45.939999,67.470001,141.960007,91.489998,281.040009,76.510002,42.369999,333.299988,69.629997,7218.229980
2018-02-22,75.519997,52.980000,172.500000,202.610001,66.250000,114.589996,56.070000,1485.339966,69.489998,249.350006,249.350006,38.799999,42.939999,91.610001,124.610001,178.990005,36.730000,37.160000,1106.630005,1109.900024,45.799999,67.639999,140.600006,91.730003,278.140015,77.699997,41.650002,346.170013,69.669998,7210.089844
2018-02-23,77.760002,53.389999,175.500000,209.740005,67.360001,118.930000,57.009998,1500.000000,72.070000,253.710007,250.740005,39.500000,44.000000,92.809998,127.099998,183.289993,37.619999,38.009998,1126.790039,1128.089966,47.730000,69.019997,142.169998,94.059998,285.929993,79.690002,42.299999,352.049988,70.360001,7337.390137
2018-02-26,78.080002,55.000000,178.970001,212.149994,68.599998,121.330002,58.810001,1521.949951,73.160004,252.949997,256.250000,39.580002,45.360001,92.949997,128.570007,184.929993,38.400002,38.810001,1143.750000,1143.699951,49.110001,69.739998,141.350006,95.419998,294.160004,79.349998,41.450001,357.420013,70.599998,7421.459961
2018-02-27,76.129997,54.259998,178.389999,208.820007,68.239998,118.339996,57.639999,1511.979980,72.610001,251.809998,250.460007,36.660000,45.040001,92.370003,125.800003,181.460007,37.139999,37.630001,1118.290039,1117.510010,49.910000,67.870003,138.119995,94.199997,290.609985,79.459999,39.730000,350.989990,69.139999,7330.350098
2018-02-28,74.849998,54.250000,178.119995,209.130005,67.459999,117.449997,57.590000,1512.449951,73.129997,246.460007,252.339996,36.209999,44.779999,92.000000,123.699997,178.320007,36.419998,36.820000,1104.729980,1103.920044,49.290001,67.050003,141.210007,93.769997,291.380005,79.410004,40.080002,343.059998,68.889999,7273.009766
2018-03-01,73.739998,53.480000,175.000000,206.029999,67.919998,115.110001,57.070000,1493.449951,72.010002,243.309998,249.750000,36.540001,43.799999,90.809998,122.169998,175.940002,35.529999,35.919998,1069.520020,1071.410034,47.840000,66.889999,137.539993,92.849998,290.390015,78.639999,39.759998,330.929993,70.199997,7180.560059
2018-03-02,72.690002,53.180000,176.210007,209.789993,69.430000,117.919998,58.029999,1500.250000,74.010002,250.869995,250.600006,36.490002,44.060001,91.980003,125.089996,176.619995,35.930000,36.369999,1078.920044,1084.140015,48.980000,67.169998,139.580002,93.050003,301.049988,78.870003,39.689999,335.119995,70.580002,7257.870117
2018-03-05,73.440002,53.189999,176.820007,211.160004,69.809998,119.500000,57.630001,1523.609985,75.099998,246.979996,254.889999,36.779999,44.520000,92.709999,126.099998,180.399994,36.150002,36.650002,1090.930054,1094.760010,49.750000,67.430000,135.729996,93.639999,315.000000,79.070000,41.970001,333.350006,70.550003,7330.709961
2018-03-06,75.169998,53.570000,176.669998,212.009995,69.940002,118.129997,59.990002,1537.640015,73.919998,250.960007,258.730011,36.869999,44.290001,93.639999,124.550003,179.779999,37.020000,37.540001,1095.060059,1100.900024,50.709999,67.769997,137.610001,93.320000,325.220001,79.230003,42.380001,328.200012,69.790001,7372.009766
2018-03-07,75.980003,54.110001,175.029999,216.860001,69.989998,118.379997,59.419998,1545.000000,74.070000,247.050003,257.260010,36.119999,44.200001,94.360001,127.169998,183.710007,36.509998,37.020000,1109.640015,1115.040039,51.320000,67.459999,138.979996,93.860001,321.160004,79.519997,42.580002,332.299988,69.500000,7396.649902
2018-03-08,75.730003,54.790001,176.940002,216.399994,75.080002,120.010002,59.369999,1551.859985,76.809998,246.949997,257.140015,36.880001,44.340000,94.570000,128.820007,182.339996,36.790001,37.180000,1126.000000,1129.380005,50.740002,66.989998,139.350006,94.430000,317.000000,79.870003,42.450001,329.100006,68.970001,7427.950195
2018-03-09,76.620003,56.070000,179.979996,221.110001,76.070000,125.680000,61.610001,1578.890015,78.220001,253.779999,263.559998,37.130001,45.369999,95.510002,128.490005,185.229996,37.209999,37.730000,1160.040039,1160.839966,52.189999,67.230003,143.289993,96.540001,331.440002,80.709999,43.029999,327.170013,70.599998,7560.810059
2018-03-12,77.559998,56.500000,181.720001,220.940002,74.970001,127.080002,60.970001,1598.390015,76.860001,262.839996,265.670013,36.959999,45.549999,95.879997,128.119995,184.759995,37.500000,37.980000,1164.500000,1165.930054,51.520000,67.699997,141.809998,96.769997,321.299988,80.599998,43.169998,345.510010,70.150002,7588.319824
2018-03-13,75.970001,56.230000,179.970001,219.759995,73.300003,121.080002,59.689999,1588.180054,75.930000,261.220001,258.350006,36.430000,45.160000,95.599998,126.570000,181.880005,36.849998,37.410000,1138.170044,1139.910034,51.779999,67.370003,141.750000,94.410004,315.880005,80.199997,42.279999,341.839996,69.860001,7511.009766
2018-03-14,77.199997,55.279999,178.440002,218.440002,73.250000,122.680000,60.230000,1591.000000,74.220001,260.589996,259.350006,36.020000,45.279999,95.260002,127.970001,184.190002,37.230000,37.689999,1149.489990,1148.890015,51.860001,66.580002,141.429993,93.849998,321.549988,83.309998,44.049999,326.630005,68.550003,7496.810059
2018-03-15,79.419998,55.169998,178.649994,218.869995,74.709999,126.830002,60.279999,1582.319946,73.379997,267.760010,262.709991,36.150002,45.330002,95.480003,129.119995,183.860001,36.700001,37.150002,1149.579956,1150.609985,50.880001,65.459999,141.729996,94.180000,321.089996,82.570000,43.740002,325.600006,67.379997,7481.740234
2018-03-16,79.900002,55.400002,178.020004,225.550003,74.019997,126.750000,59.439999,1571.680054,71.680000,254.869995,262.390015,35.830002,45.009998,95.129997,128.520004,185.089996,36.619999,37.139999,1135.729980,1134.420044,51.169998,65.360001,141.059998,94.599998,318.450012,82.160004,43.770000,321.350006,67.570000,7481.990234
2018-03-19,77.839996,54.619999,175.300003,222.179993,72.489998,122.029999,58.500000,1544.930054,71.050003,244.949997,252.830002,35.299999,44.270000,94.529999,125.440002,172.559998,36.250000,36.779999,1099.819946,1100.069946,50.830002,63.950001,139.820007,92.889999,313.480011,80.300003,42.720001,313.559998,66.620003,7344.240234
2018-03-20,79.070000,55.320000,175.240005,229.750000,73.680000,120.220001,59.230000,1586.510010,71.370003,242.360001,254.460007,34.570000,44.369999,94.550003,126.849998,168.149994,36.180000,36.689999,1097.709961,1095.800049,51.549999,63.180000,140.550003,93.129997,317.500000,80.860001,41.779999,310.549988,66.050003,7364.299805
2018-03-21,78.070000,54.090000,171.270004,226.850006,73.389999,117.889999,60.779999,1581.859985,71.610001,246.000000,250.050003,34.490002,44.310001,94.449997,126.000000,169.389999,36.299999,36.860001,1090.880005,1094.000000,51.560001,61.990002,140.419998,92.480003,316.480011,81.040001,41.590000,316.529999,66.269997,7345.290039
2018-03-22,74.570000,52.310001,168.850006,220.520004,71.650002,114.230003,58.959999,1544.920044,69.760002,243.570007,236.110001,33.230000,43.070000,93.320000,122.980003,164.889999,36.180000,36.750000,1049.079956,1053.150024,50.830002,60.529999,137.250000,89.790001,306.700012,78.559998,40.110001,309.100006,65.830002,7166.680176
2018-03-23,73.000000,51.009998,164.940002,215.020004,70.190002,110.790001,55.380001,1495.560059,68.040001,242.479996,230.080002,33.169998,42.419998,91.599998,121.440002,159.389999,35.450001,36.119999,1021.570007,1026.550049,49.360001,60.029999,133.759995,87.180000,300.940002,76.440002,40.040001,301.540009,65.430000,6992.669922
2018-03-26,75.809998,51.860001,172.770004,228.910004,72.180000,111.550003,58.470001,1555.859985,70.080002,247.729996,235.940002,33.540001,44.060001,93.790001,126.440002,160.059998,36.580002,37.029999,1053.209961,1054.089966,52.480000,61.650002,138.919998,93.779999,320.350006,78.949997,41.939999,304.179993,67.470001,7220.540039
2018-03-27,73.029999,50.900002,168.339996,213.800003,70.750000,108.330002,55.439999,1497.050049,66.290001,244.369995,230.960007,32.990002,42.680000,92.459999,119.980003,152.220001,36.080002,36.480000,1005.099976,1006.940002,51.189999,60.700001,135.589996,89.470001,300.690002,76.309998,40.330002,279.179993,65.959999,7008.810059
2018-03-28,72.639999,50.849998,166.479996,212.539993,70.050003,110.610001,54.060001,1431.420044,65.970001,236.679993,223.100006,33.279999,41.660000,91.699997,119.330002,153.029999,35.500000,35.880001,1004.559998,1005.179993,49.599998,61.369999,133.899994,89.389999,285.769989,75.059998,40.610001,257.779999,67.589996,6949.229980
2018-03-29,74.040001,51.959999,167.779999,216.080002,70.980003,111.459999,55.610001,1447.339966,67.459999,235.649994,223.190002,34.169998,42.889999,92.800003,121.239998,159.789993,36.369999,36.689999,1031.790039,1037.140015,52.080002,62.290001,135.979996,91.269997,295.350006,75.870003,40.889999,266.130005,65.470001,7063.450195
2018-04-02,71.599998,49.779999,166.679993,212.279999,69.250000,108.639999,52.889999,1371.989990,65.089996,227.679993,220.059998,33.520000,41.009998,91.330002,118.720001,155.389999,35.680000,36.130001,1006.469971,1012.630005,48.919998,60.060001,132.070007,88.519997,280.290009,75.000000,39.119999,252.479996,63.099998,6870.120117
2018-04-03,70.529999,51.470001,168.389999,215.929993,70.120003,107.480003,53.980000,1392.050049,65.480003,236.779999,220.020004,33.470001,41.380001,91.870003,119.510002,156.110001,35.590000,36.139999,1013.409973,1018.679993,49.750000,60.240002,132.500000,89.709999,283.670013,74.559998,40.009998,267.529999,63.169998,6941.279785
2018-04-04,69.519997,52.040001,171.610001,225.050003,70.410004,111.510002,55.560001,1410.569946,66.269997,236.990005,224.300003,34.310001,41.200001,92.690002,120.110001,155.100006,35.669998,36.139999,1025.140015,1029.709961,49.990002,61.380001,135.809998,92.330002,288.940002,74.779999,41.419998,286.940002,65.510002,7042.109863
2018-04-05,69.379997,52.139999,172.800003,223.539993,72.290001,109.309998,54.290001,1451.750000,66.529999,236.309998,225.570007,34.599998,41.820000,92.709999,121.230003,159.339996,36.000000,36.360001,1027.810059,1032.640015,50.380001,61.310001,134.440002,92.379997,293.970001,76.949997,41.369999,305.720001,64.650002,7076.549805
2018-04-06,67.550003,50.290001,168.380005,218.610001,69.339996,109.239998,52.340000,1405.229980,64.559998,228.869995,219.820007,34.119999,40.730000,91.779999,118.360001,157.199997,35.340000,35.689999,1007.039978,1009.950012,48.790001,60.540001,130.929993,90.230003,288.850006,73.860001,40.150002,299.299988,63.470001,6915.109863
2018-04-09,68.440002,49.820000,170.050003,219.169998,70.459999,110.629997,53.020000,1406.079956,65.769997,234.740005,224.330002,33.950001,41.169998,92.260002,118.860001,157.929993,35.330002,35.700001,1015.450012,1020.090027,49.549999,60.650002,130.720001,90.769997,289.929993,75.190002,39.799999,289.660004,62.849998,6950.339844
2018-04-10,70.779999,47.459999,173.250000,224.529999,72.489998,113.459999,54.799999,1436.219971,66.519997,239.750000,231.500000,33.860001,42.509998,93.400002,120.709999,165.039993,35.799999,36.270000,1031.640015,1036.500000,51.270000,61.250000,129.839996,92.879997,298.070007,76.790001,40.830002,304.700012,63.759998,7094.299805
2018-04-11,70.550003,45.400002,172.440002,223.630005,71.589996,110.790001,54.950001,1427.050049,65.849998,240.320007,229.649994,33.560001,42.430000,93.629997,118.779999,166.320007,35.650002,36.180000,1019.969971,1025.060059,51.099998,61.540001,132.029999,91.860001,303.670013,76.500000,40.330002,300.929993,64.110001,7069.029785
2018-04-12,70.540001,46.570000,174.139999,226.960007,71.919998,111.290001,56.430000,1448.500000,67.220001,239.429993,231.339996,33.130001,43.340000,94.550003,121.089996,163.869995,36.070000,36.490002,1032.510010,1037.290039,52.720001,60.939999,133.009995,93.580002,309.250000,77.459999,40.709999,294.079987,64.040001,7140.250000
2018-04-13,69.290001,45.869999,174.729996,224.059998,71.430000,111.379997,56.070000,1430.790039,65.879997,246.940002,228.169998,33.020000,43.000000,94.900002,120.529999,164.520004,36.410000,36.790001,1029.270020,1036.040039,51.860001,60.919998,131.059998,93.080002,311.649994,77.269997,40.520000,300.339996,63.820000,7106.649902
2018-04-16,69.919998,46.400002,175.820007,226.520004,71.639999,109.480003,56.869999,1441.500000,66.559998,249.369995,229.899994,33.529999,43.299999,95.970001,122.190002,164.830002,36.509998,37.040001,1037.979980,1046.099976,52.400002,61.189999,133.470001,94.169998,307.779999,77.800003,41.139999,291.209991,66.220001,7156.279785
2018-04-17,71.089996,45.750000,178.240005,231.160004,72.489998,113.279999,57.860001,1503.829956,68.279999,251.740005,235.669998,33.270000,44.590000,97.519997,124.309998,168.660004,37.090000,37.540001,1074.160034,1079.359985,53.540001,61.689999,136.809998,96.070000,336.059998,80.029999,41.980000,287.690002,65.970001,7281.100098
2018-04-18,72.320000,47.759998,177.839996,231.100006,72.849998,112.959999,54.730000,1527.839966,68.690002,249.589996,237.750000,33.270000,44.630001,98.220001,124.930000,166.360001,36.820000,37.310001,1072.079956,1075.390015,53.610001,60.790001,138.309998,96.440002,334.519989,80.339996,42.099998,293.350006,66.260002,7295.240234
2018-04-19,72.019997,46.880001,172.800003,227.619995,72.459999,111.739998,51.189999,1556.910034,67.680000,242.860001,237.110001,33.480000,44.560001,97.220001,123.110001,168.100006,36.680000,37.200001,1087.699951,1089.449951,52.220001,59.730000,137.619995,96.110001,332.700012,79.680000,41.639999,300.079987,65.279999,7238.060059
2018-04-20,71.059998,46.779999,165.720001,225.240005,71.300003,107.779999,51.090000,1527.489990,66.300003,237.119995,232.500000,33.209999,44.090000,96.570000,120.889999,166.279999,36.180000,36.680000,1072.959961,1077.319946,51.529999,58.220001,137.479996,95.000000,327.769989,78.730003,41.619999,290.239990,63.919998,7146.129883
2018-04-23,69.889999,46.680000,165.240005,225.300003,71.669998,107.830002,50.180000,1517.859985,66.230003,233.449997,231.419998,33.869999,44.250000,97.029999,119.599998,165.839996,36.029999,36.490002,1067.449951,1073.810059,51.099998,57.680000,137.630005,95.349998,318.690002,78.209999,42.689999,283.369995,64.599998,7128.600098
2018-04-24,69.260002,45.689999,162.940002,217.889999,70.970001,106.510002,48.720001,1460.089966,65.339996,228.389999,231.410004,33.349998,43.740002,96.599998,118.589996,159.690002,35.520000,36.020000,1019.979980,1022.640015,51.450001,56.529999,136.899994,93.120003,307.019989,75.279999,41.910000,283.459991,65.000000,7007.350098
2018-04-25,68.269997,45.250000,163.649994,217.320007,70.779999,106.040001,49.139999,1460.170044,64.820000,229.000000,231.410004,34.259998,43.709999,96.580002,116.680000,159.690002,36.130001,36.580002,1021.179993,1022.989990,51.380001,56.849998,137.240005,92.309998,305.760010,74.000000,38.330002,280.690002,65.949997,7003.740234
2018-04-26,69.800003,42.369999,164.220001,221.910004,71.529999,121.419998,50.490002,1517.959961,66.339996,230.419998,238.690002,33.330002,44.209999,101.169998,119.599998,174.160004,35.840000,36.250000,1040.040039,1043.310059,53.049999,57.330002,137.759995,94.260002,313.980011,76.029999,37.389999,285.480011,66.739998,7118.680176
2018-04-27,69.730003,43.400002,162.320007,221.899994,71.099998,121.370003,49.400002,1572.619995,65.790001,232.779999,251.929993,31.809999,44.709999,103.269997,117.470001,173.589996,35.990002,36.419998,1030.050049,1031.449951,52.730000,57.660000,137.419998,95.820000,311.760010,74.129997,37.270000,294.079987,67.110001,7119.799805
2018-04-30,70.080002,42.930000,165.259995,221.600006,71.650002,117.629997,49.669998,1566.130005,66.349998,229.419998,250.899994,31.389999,44.290001,102.910004,117.980003,172.000000,36.070000,36.560001,1017.330017,1018.580017,51.619999,56.380001,136.679993,93.519997,312.459991,74.610001,37.419998,293.899994,66.449997,7066.270020
2018-05-01,69.889999,43.360001,169.100006,224.080002,70.839996,118.620003,50.910000,1582.260010,67.800003,230.380005,252.130005,32.060001,44.830002,104.709999,119.830002,173.860001,36.119999,36.570000,1037.310059,1040.750000,53.330002,55.700001,137.600006,95.000000,313.299988,74.809998,37.529999,299.920013,65.419998,7130.700195
2018-05-02,70.209999,42.240002,176.570007,221.100006,71.650002,114.239998,50.529999,1569.680054,68.389999,228.740005,249.800003,31.299999,43.860001,104.410004,118.940002,176.070007,36.130001,36.730000,1024.380005,1026.050049,52.310001,54.200001,134.160004,93.510002,313.359985,71.730003,38.299999,301.149994,63.650002,7100.899902
2018-05-03,70.379997,42.110001,176.889999,226.050003,71.449997,113.860001,50.709999,1572.079956,66.820000,225.250000,252.460007,31.010000,44.439999,104.809998,120.169998,174.020004,36.330002,36.880001,1023.719971,1026.300049,52.279999,54.950001,134.639999,94.070000,311.690002,73.449997,38.000000,284.450012,62.230000,7088.149902
2018-05-04,72.709999,42.860001,183.830002,228.509995,72.010002,116.809998,52.560001,1580.949951,69.839996,230.520004,251.729996,31.959999,45.299999,105.230003,123.639999,176.610001,37.160000,37.660000,1048.209961,1051.000000,52.779999,58.009998,135.850006,95.160004,320.089996,73.989998,38.529999,294.089996,63.810001,7209.620117
2018-05-07,75.330002,42.439999,185.160004,230.990005,73.120003,118.410004,52.590000,1600.140015,70.370003,235.970001,253.899994,32.389999,45.730000,106.580002,123.919998,177.970001,37.480000,38.040001,1054.790039,1059.459961,53.330002,58.830002,136.639999,96.220001,326.260010,74.669998,39.430000,302.769989,62.299999,7265.209961
2018-05-08,76.040001,43.000000,186.050003,234.559998,73.680000,114.949997,53.450001,1592.390015,69.610001,238.850006,263.089996,30.590000,45.709999,107.290001,123.889999,178.919998,37.450001,37.990002,1053.910034,1058.589966,53.630001,58.759998,139.309998,95.809998,326.890015,75.720001,38.779999,301.970001,62.360001,7266.899902
2018-05-09,75.930000,41.500000,187.360001,239.740005,77.300003,116.769997,54.130001,1608.000000,71.309998,238.050003,261.290009,30.730000,46.040001,107.779999,131.009995,182.660004,37.240002,37.700001,1082.760010,1088.949951,54.340000,58.480000,137.899994,96.940002,330.299988,77.010002,47.619999,306.850006,62.939999,7339.910156
2018-05-10,75.900002,42.040001,190.039993,241.149994,76.360001,116.129997,55.529999,1609.079956,72.900002,243.509995,268.679993,31.559999,46.299999,108.190002,133.759995,185.529999,37.459999,37.919998,1097.569946,1105.469971,54.980000,59.040001,138.570007,97.910004,329.600006,79.190002,48.509998,305.019989,63.810001,7404.970215
2018-05-11,75.669998,42.599998,188.589996,241.880005,76.300003,119.660004,54.840000,1602.910034,71.699997,243.380005,269.910004,31.900000,45.930000,107.470001,132.809998,186.990005,37.480000,37.939999,1098.260010,1103.380005,54.669998,59.240002,139.820007,97.699997,326.459991,79.199997,48.990002,301.059998,64.089996,7402.879883
2018-05-14,76.739998,42.459999,188.149994,238.369995,76.690002,122.849998,55.259998,1601.540039,71.699997,244.759995,272.260010,32.139999,45.700001,106.739998,132.529999,186.639999,37.290001,37.759998,1100.199951,1106.599976,54.900002,59.279999,139.350006,98.029999,328.529999,78.809998,48.669998,291.970001,65.099998,7411.319824
2018-05-15,76.440002,43.189999,186.440002,236.600006,76.290001,121.550003,54.090000,1576.119995,70.169998,241.580002,271.920013,32.009998,45.480000,106.139999,130.110001,184.320007,37.349998,37.869999,1079.229980,1084.869995,53.919998,59.040001,138.860001,97.320000,326.130005,77.790001,48.369999,284.179993,64.610001,7351.629883
2018-05-16,77.019997,44.060001,188.179993,237.389999,74.589996,121.000000,55.169998,1587.280029,70.330002,240.509995,284.070007,32.549999,45.160000,105.879997,130.860001,183.199997,37.709999,38.160000,1081.770020,1084.089966,54.639999,59.290001,140.440002,97.150002,328.190002,77.820000,48.709999,286.480011,65.739998,7398.299805
2018-05-17,76.500000,43.630001,186.990005,236.850006,76.089996,121.150002,53.959999,1581.760010,71.660004,239.449997,279.679993,32.410000,43.459999,105.650002,130.809998,183.759995,37.279999,37.770000,1078.589966,1081.260010,54.810001,58.060001,138.289993,96.180000,325.220001,79.190002,48.849998,284.540009,65.989998,7382.470215
2018-05-18,75.930000,43.380001,186.309998,238.089996,75.339996,121.070000,49.509998,1574.369995,71.989998,235.990005,253.009995,32.720001,43.209999,105.339996,132.000000,182.679993,37.270000,37.660000,1066.359985,1069.640015,53.500000,56.790001,138.520004,96.360001,324.179993,80.790001,47.919998,276.820007,64.339996,7354.339844
2018-05-21,77.019997,44.279999,187.630005,238.100006,76.459999,119.370003,50.000000,1585.459961,71.449997,239.050003,240.509995,32.340000,43.750000,105.559998,132.910004,184.490005,37.450001,37.930000,1079.579956,1084.010010,54.320000,56.450001,138.800003,97.599998,331.820007,81.250000,48.029999,284.489990,64.500000,7394.040039
2018-05-22,76.510002,42.880001,187.160004,238.789993,76.389999,119.010002,50.250000,1581.400024,71.349998,238.490005,239.970001,32.509998,43.650002,105.410004,132.179993,183.800003,37.740002,38.160000,1069.729980,1075.310059,54.450001,56.580002,137.779999,97.500000,331.619995,80.620003,48.220001,275.010010,64.230003,7378.459961
2018-05-23,76.449997,42.799999,188.360001,243.910004,77.019997,118.129997,50.340000,1601.859985,71.739998,240.559998,240.389999,31.879999,43.680000,106.550003,133.500000,186.899994,38.240002,38.770000,1079.689941,1085.959961,55.209999,56.980000,137.589996,98.660004,344.720001,81.080002,48.680000,279.070007,63.910000,7425.959961
2018-05-24,77.169998,43.560001,188.149994,245.149994,77.480003,117.139999,50.770000,1603.069946,70.800003,243.529999,240.279999,31.629999,43.570000,106.559998,131.479996,185.929993,38.500000,38.930000,1079.239990,1085.449951,54.750000,57.060001,137.869995,98.309998,349.290009,81.550003,49.090000,277.850006,63.410000,7424.430176
2018-05-25,77.430000,44.910000,188.580002,243.559998,76.510002,117.739998,50.849998,1610.150024,71.459999,250.029999,243.800003,31.750000,43.259998,106.550003,131.850006,184.919998,38.520000,39.020000,1075.660034,1084.079956,55.439999,57.770000,137.970001,98.360001,351.290009,80.959999,49.480000,278.850006,63.529999,7433.850098
2018-05-29,76.800003,43.590000,187.899994,242.190002,75.820000,115.730003,52.020000,1612.869995,70.639999,249.690002,242.050003,31.510000,42.970001,105.989998,131.250000,185.740005,38.250000,38.650002,1060.319946,1068.069946,55.320000,57.400002,134.550003,98.010002,349.730011,80.730003,49.889999,283.760010,62.700001,7396.589844
2018-05-30,77.029999,43.299999,187.500000,247.399994,76.080002,116.480003,51.590000,1624.890015,70.690002,249.399994,241.630005,31.480000,42.849998,106.610001,131.369995,187.669998,38.250000,38.660000,1067.800049,1077.469971,55.680000,58.840000,136.270004,98.949997,353.540009,81.599998,50.750000,291.720001,63.540001,7462.450195
2018-05-31,77.160004,43.540001,186.869995,249.279999,75.379997,116.129997,50.779999,1629.619995,70.910004,252.070007,242.559998,31.180000,42.709999,105.620003,130.910004,191.779999,38.169998,38.549999,1084.989990,1100.000000,55.200001,57.480000,135.360001,98.839996,351.600006,82.070000,52.139999,284.730011,62.389999,7442.120117
2018-06-01,78.980003,44.000000,190.240005,251.309998,76.000000,119.010002,52.240002,1641.540039,73.029999,256.339996,248.460007,31.260000,43.660000,106.839996,135.690002,193.990005,38.270000,38.560001,1119.500000,1135.000000,57.080002,57.650002,138.339996,100.790001,359.929993,83.250000,55.209999,291.820007,62.860001,7554.330078
2018-06-04,80.239998,44.860001,191.830002,253.339996,77.070000,119.779999,52.290001,1665.270020,72.790001,258.369995,260.899994,31.290001,43.580002,107.599998,134.660004,193.279999,38.439999,38.660000,1139.290039,1153.040039,56.830002,58.419998,138.690002,101.669998,361.809998,84.570000,56.150002,296.739990,63.299999,7606.459961
2018-06-05,80.349998,44.180000,193.309998,252.699997,78.989998,119.279999,52.910000,1696.349976,72.769997,259.260010,259.980011,31.080000,43.669998,108.769997,136.960007,192.940002,38.740002,39.080002,1139.660034,1151.020020,56.529999,57.919998,138.220001,102.190002,365.799988,85.050003,57.509998,291.130005,62.889999,7637.859863
2018-06-06,80.279999,44.189999,193.979996,253.949997,78.010002,120.610001,52.529999,1695.750000,74.790001,263.519989,263.940002,32.270000,44.259998,109.220001,136.940002,191.339996,38.849998,39.299999,1136.880005,1146.949951,57.029999,57.919998,141.570007,102.489998,367.450012,85.209999,56.230000,319.500000,63.150002,7689.240234
2018-06-07,79.750000,43.840000,193.460007,247.509995,78.279999,118.610001,51.250000,1689.300049,73.949997,264.679993,264.890015,32.000000,43.650002,108.250000,136.910004,188.179993,39.230000,39.650002,1123.859985,1134.420044,55.880001,57.669998,139.440002,100.879997,361.399994,83.269997,55.470001,316.089996,63.599998,7635.069824
2018-06-08,80.550003,43.110001,191.699997,251.210007,78.480003,118.330002,51.150002,1683.989990,74.290001,257.970001,263.589996,32.080002,43.480000,107.940002,137.869995,189.100006,39.549999,39.990002,1120.869995,1132.709961,55.049999,58.470001,138.380005,101.629997,360.570007,84.339996,55.840000,317.660004,63.400002,7645.509766
2018-06-11,80.690002,44.160000,191.229996,251.000000,79.260002,116.699997,49.889999,1689.119995,75.000000,260.829987,269.779999,32.000000,43.689999,107.110001,139.160004,191.539993,39.919998,40.130001,1129.989990,1140.900024,54.520000,59.880001,139.139999,101.050003,361.450012,83.889999,57.110001,332.100006,64.059998,7659.930176
2018-06-12,81.620003,43.410000,192.279999,252.589996,80.570000,117.580002,50.860001,1698.750000,75.940002,261.429993,267.420013,32.380001,43.939999,106.610001,139.779999,192.399994,40.389999,40.540001,1139.319946,1148.189941,54.820000,60.119999,139.860001,101.309998,363.829987,85.019997,58.290001,342.769989,63.700001,7703.790039
2018-06-13,80.830002,42.919998,190.699997,256.130005,80.949997,118.199997,50.980000,1704.859985,76.669998,263.579987,270.000000,32.320000,44.009998,105.839996,143.279999,192.410004,43.410000,43.660000,1134.790039,1144.229980,55.029999,60.099998,138.350006,100.849998,379.929993,85.269997,56.630001,344.779999,63.910000,7695.700195
2018-06-14,82.360001,43.080002,190.800003,258.100006,80.860001,120.160004,49.689999,1723.859985,77.709999,268.459991,270.640015,33.820000,44.689999,106.820000,144.389999,196.809998,44.419998,44.580002,1152.119995,1160.109985,55.540001,60.669998,138.750000,101.419998,392.869995,85.610001,57.730000,357.720001,64.870003,7761.040039
2018-06-15,81.459999,42.770000,188.839996,251.820007,81.970001,121.519997,49.310001,1715.969971,77.410004,270.230011,272.970001,33.880001,44.250000,106.940002,146.649994,195.850006,44.560001,44.660000,1152.260010,1159.270020,55.110001,61.610001,138.830002,100.129997,391.980011,85.309998,58.540001,358.170013,65.800003,7746.379883
2018-06-18,81.610001,42.439999,188.740005,255.690002,82.580002,118.669998,48.320000,1723.790039,77.870003,264.500000,268.890015,32.580002,44.209999,107.480003,144.860001,198.309998,44.369999,44.560001,1173.459961,1183.579956,53.220001,60.869999,138.669998,100.860001,390.399994,85.849998,59.320000,370.829987,64.150002,7747.029785
2018-06-19,80.169998,41.509998,185.690002,251.740005,81.680000,121.910004,48.549999,1734.780029,77.239998,260.950012,262.109985,32.810001,43.820000,108.360001,143.089996,197.490005,44.290001,44.709999,1168.060059,1178.689941,52.930000,62.139999,136.580002,100.860001,404.980011,84.519997,59.119999,352.549988,64.610001,7725.589844
2018-06-20,81.110001,42.029999,186.500000,251.240005,82.300003,124.519997,48.580002,1750.079956,76.839996,261.220001,264.059998,33.389999,43.740002,108.660004,143.539993,202.000000,47.500000,48.080002,1169.839966,1184.069946,53.459999,63.040001,135.990005,101.870003,416.760010,85.949997,58.549999,362.220001,68.000000,7781.509766
2018-06-21,79.620003,41.490002,185.460007,248.830002,81.690002,125.809998,48.990002,1730.219971,76.050003,259.649994,260.500000,32.790001,43.160000,107.129997,143.149994,201.500000,48.040001,48.349998,1157.660034,1169.439941,52.189999,62.570000,133.729996,101.139999,415.440002,85.970001,57.029999,347.510010,67.790001,7712.950195
2018-06-22,79.459999,41.349998,184.919998,243.630005,80.320000,127.570000,47.959999,1715.670044,75.980003,259.709991,259.000000,33.810001,43.200001,105.510002,141.259995,201.740005,48.349998,48.610001,1155.479980,1169.290039,52.500000,63.209999,132.610001,100.410004,411.089996,85.120003,56.660000,333.630005,67.610001,7692.819824
2018-06-25,75.459999,39.680000,182.169998,239.679993,77.650002,124.830002,46.709999,1663.150024,74.699997,252.419998,250.410004,33.119999,42.290001,104.459999,140.520004,196.350006,47.889999,48.139999,1124.810059,1139.280029,50.709999,63.320000,129.100006,98.389999,384.480011,82.190002,55.709999,333.010010,67.239998,7532.009766
2018-06-26,75.500000,39.090000,184.429993,242.250000,75.720001,122.430000,46.669998,1691.089966,75.269997,251.539993,250.770004,32.779999,42.549999,104.680000,140.369995,199.000000,47.419998,47.680000,1118.459961,1132.619995,49.669998,63.209999,129.429993,99.080002,399.390015,82.320000,56.529999,342.000000,66.570000,7561.629883
2018-06-27,73.129997,38.259998,184.160004,237.679993,72.459999,121.839996,45.250000,1660.510010,73.419998,247.110001,243.000000,32.290001,42.330002,102.599998,137.750000,195.839996,48.299999,48.799999,1103.979980,1116.939941,48.759998,62.689999,126.940002,97.540001,390.390015,80.669998,55.980000,344.500000,66.260002,7445.080078
2018-06-28,74.410004,38.200001,185.500000,239.809998,72.480003,121.660004,45.290001,1701.449951,76.010002,244.899994,242.210007,32.630001,42.939999,104.180000,140.630005,196.229996,49.330002,49.790001,1114.219971,1126.780029,49.250000,62.650002,125.260002,98.629997,395.420013,82.480003,56.650002,349.929993,59.700001,7503.680176
2018-06-29,73.209999,37.959999,185.110001,243.809998,73.230003,124.150002,46.189999,1699.800049,76.320000,242.639999,243.000000,32.810001,43.029999,104.839996,141.020004,194.320007,49.270000,49.689999,1115.650024,1129.189941,49.709999,62.820000,126.599998,98.610001,391.429993,83.269997,55.709999,342.950012,60.020000,7510.299805
2018-07-02,73.410004,38.360001,187.179993,243.259995,74.440002,125.000000,45.680000,1713.780029,77.279999,242.050003,246.250000,33.169998,42.810001,106.720001,143.479996,197.360001,48.669998,49.200001,1127.459961,1142.109985,50.200001,62.090000,126.489998,100.010002,398.179993,83.889999,56.110001,335.070007,61.130001,7567.689941
2018-07-03,72.790001,37.750000,183.919998,242.009995,74.230003,125.760002,44.799999,1693.959961,75.879997,239.289993,246.429993,33.090000,42.669998,106.330002,141.229996,192.729996,48.029999,48.599998,1102.890015,1116.280029,49.470001,62.639999,124.519997,99.050003,390.519989,83.269997,56.240002,310.859985,60.759998,7502.669922
2018-07-05,73.349998,37.990002,185.399994,244.179993,74.339996,128.080002,45.439999,1699.729980,76.190002,245.399994,244.070007,33.119999,42.560001,105.830002,143.229996,198.449997,48.169998,48.740002,1124.270020,1141.290039,50.750000,63.950001,126.489998,99.760002,398.390015,84.589996,56.910000,309.160004,62.380001,7586.430176
2018-07-06,75.360001,38.090000,187.970001,248.190002,75.169998,132.199997,46.130001,1710.630005,77.190002,247.679993,251.770004,33.580002,42.709999,106.570000,145.100006,203.229996,48.430000,48.930000,1140.170044,1155.079956,51.369999,64.430000,127.660004,101.160004,408.250000,85.940002,57.560001,308.899994,63.299999,7688.390137
2018-07-09,75.610001,39.310001,190.580002,249.770004,76.230003,131.580002,46.520000,1739.020020,76.839996,247.429993,261.970001,33.560001,42.669998,107.089996,144.639999,204.740005,49.080002,49.560001,1154.050049,1167.280029,51.860001,63.970001,130.160004,101.849998,418.970001,86.230003,57.700001,318.510010,63.730000,7756.200195
2018-07-10,75.970001,39.119999,190.350006,248.630005,75.830002,131.910004,46.740002,1743.069946,76.190002,250.559998,261.250000,33.340000,42.860001,106.870003,144.190002,203.539993,49.340000,49.770000,1152.839966,1167.140015,52.160000,64.000000,130.729996,102.120003,415.630005,86.169998,57.590000,322.470001,63.200001,7759.200195
2018-07-11,73.760002,35.959999,187.880005,248.119995,76.489998,131.119995,45.200001,1755.000000,78.610001,243.440002,261.250000,33.770000,42.570000,107.160004,145.720001,202.539993,47.400002,47.790001,1153.900024,1171.459961,51.200001,63.740002,129.850006,101.980003,418.649994,86.250000,58.669998,318.959991,63.660000,7716.609863
2018-07-12,74.610001,36.330002,191.029999,254.869995,77.669998,134.289993,45.680000,1796.619995,81.370003,209.979996,271.450012,34.549999,43.580002,109.849998,148.610001,206.919998,47.040001,47.380001,1183.479980,1201.260010,52.349998,63.639999,130.770004,104.190002,413.500000,89.129997,59.599998,316.709991,63.880001,7823.919922
2018-07-13,74.480003,37.119999,191.330002,258.589996,77.320000,135.869995,46.130001,1813.030029,81.500000,202.460007,267.190002,34.700001,41.779999,109.769997,148.729996,207.320007,47.189999,47.560001,1188.819946,1204.420044,52.220001,63.849998,131.009995,105.430000,395.799988,87.989998,59.130001,318.869995,65.169998,7825.979980
2018-07-16,74.660004,37.279999,190.910004,254.679993,77.680000,134.580002,46.310001,1822.489990,80.230003,203.250000,267.079987,34.970001,42.500000,109.970001,146.679993,207.229996,46.410000,46.709999,1183.859985,1196.510010,52.009998,62.639999,130.789993,104.910004,400.480011,87.769997,59.349998,310.100006,65.160004,7805.720215
2018-07-17,75.360001,37.380001,191.449997,258.309998,78.629997,136.399994,47.299999,1843.930054,80.949997,208.309998,270.019989,34.270000,42.340000,110.110001,148.740005,209.990005,46.189999,46.470001,1198.800049,1213.079956,51.750000,63.049999,130.449997,105.949997,379.480011,88.580002,60.369999,322.690002,65.629997,7855.120117
2018-07-18,74.660004,38.369999,190.399994,259.779999,78.120003,135.649994,48.279999,1842.920044,81.269997,208.779999,269.420013,34.040001,42.209999,110.730003,148.929993,209.360001,46.320000,46.680000,1195.880005,1212.910034,51.720001,61.590000,133.130005,105.120003,375.130005,88.220001,60.950001,323.850006,66.160004,7854.439941
2018-07-19,73.360001,38.130001,191.880005,257.679993,78.239998,135.089996,46.669998,1812.969971,80.610001,210.369995,262.420013,34.910000,42.400002,109.690002,147.960007,208.089996,46.200001,46.650002,1186.959961,1199.099976,51.980000,61.340000,133.199997,104.400002,364.230011,87.379997,60.680000,320.230011,64.930000,7825.299805
2018-07-20,73.269997,37.880001,191.440002,257.540009,78.910004,135.160004,46.759998,1813.699951,79.650002,210.330002,259.980011,34.299999,42.009998,108.230003,147.479996,209.940002,45.689999,46.000000,1184.910034,1197.880005,51.910000,60.689999,133.050003,106.269997,361.049988,87.470001,59.849998,313.579987,64.980003,7820.200195
2018-07-23,73.150002,38.040001,191.610001,259.470001,79.750000,134.580002,46.430000,1802.000000,79.750000,216.720001,260.380005,34.169998,42.060001,108.019997,146.559998,210.910004,45.540001,45.919998,1205.500000,1211.000000,52.310001,60.299999,132.029999,107.970001,362.660004,89.239998,60.299999,303.200012,65.339996,7841.870117
2018-07-24,74.150002,37.450001,193.000000,257.489990,79.220001,135.300003,45.910000,1829.239990,78.410004,217.339996,256.480011,33.389999,42.389999,107.599998,144.320007,214.669998,44.910000,45.230000,1248.079956,1258.150024,52.180000,59.669998,130.020004,107.660004,357.320007,91.410004,59.689999,297.429993,65.510002,7840.770020
2018-07-25,77.529999,38.189999,194.820007,263.170013,80.129997,137.179993,45.959999,1863.609985,79.449997,225.970001,262.910004,33.419998,43.160000,109.239998,146.500000,217.500000,44.869999,45.189999,1263.699951,1275.939941,52.430000,59.840000,131.500000,110.830002,362.869995,91.370003,60.830002,308.739990,66.699997,7932.240234
2018-07-26,76.190002,40.020000,194.210007,261.929993,80.730003,136.509995,47.169998,1808.000000,77.650002,223.179993,260.350006,34.750000,43.529999,113.010002,141.899994,176.259995,45.090000,45.380001,1268.329956,1285.500000,52.160000,60.480000,130.970001,109.620003,363.089996,89.139999,60.689999,306.649994,67.540001,7852.180176
2018-07-27,74.099998,39.689999,190.979996,254.809998,79.639999,131.830002,48.299999,1817.270020,75.360001,221.050003,255.089996,35.080002,42.570000,112.050003,133.809998,174.889999,44.709999,45.150002,1238.500000,1252.890015,47.680000,60.259998,128.550003,107.680000,355.209991,85.459999,57.930000,297.179993,68.639999,7737.419922
2018-07-30,72.389999,38.970001,189.910004,242.320007,75.290001,131.509995,47.910000,1779.219971,72.750000,225.190002,251.399994,35.459999,42.169998,110.550003,126.209999,171.059998,44.529999,45.160000,1219.739990,1230.040039,47.689999,60.279999,125.910004,105.370003,334.959991,82.389999,58.240002,290.170013,69.160004,7630.000000
2018-07-31,73.449997,39.540001,190.289993,244.679993,75.260002,132.960007,48.630001,1777.439941,73.419998,221.770004,247.179993,35.779999,42.290001,109.970001,128.750000,172.580002,44.419998,45.000000,1217.260010,1227.219971,48.099998,60.250000,127.839996,106.080002,337.450012,82.139999,57.990002,298.140015,67.620003,7671.790039
2018-08-01,73.180000,38.139999,201.500000,248.009995,71.629997,132.990005,47.970001,1797.170044,73.080002,216.800003,228.070007,35.400002,41.860001,109.970001,127.480003,171.649994,44.529999,45.000000,1220.010010,1232.989990,48.810001,59.279999,127.870003,106.279999,338.380005,83.459999,57.650002,300.839996,66.440002,7707.290039
2018-08-02,72.089996,37.930000,207.389999,252.220001,74.279999,126.010002,48.110001,1834.329956,74.059998,216.350006,230.460007,34.639999,42.529999,109.830002,128.649994,176.369995,44.660000,45.029999,1226.150024,1241.130005,49.480000,59.400002,129.130005,107.570000,344.500000,85.529999,51.180000,349.540009,66.980003,7802.689941
2018-08-03,71.580002,38.419998,207.990005,253.279999,74.610001,123.669998,48.840000,1823.290039,71.320000,217.809998,235.649994,35.410000,42.830002,109.940002,130.869995,177.779999,44.919998,45.419998,1223.709961,1238.160034,49.630001,64.480003,128.190002,108.040001,343.089996,85.190002,53.270000,348.170013,67.220001,7812.009766
2018-08-06,70.889999,38.410000,209.070007,254.110001,75.320000,123.360001,49.480000,1847.750000,70.570000,216.949997,232.960007,35.320000,43.299999,111.120003,129.029999,185.690002,45.270000,45.689999,1224.770020,1237.670044,49.299999,62.299999,129.279999,108.129997,350.920013,85.769997,54.070000,341.989990,67.419998,7859.680176
2018-08-07,71.500000,38.259998,207.110001,253.389999,75.669998,122.400002,49.630001,1862.479980,70.230003,220.309998,226.669998,35.400002,43.580002,111.190002,128.100006,183.809998,45.060001,45.500000,1242.219971,1255.839966,49.700001,61.320000,124.430000,108.879997,351.829987,86.300003,54.509998,379.570007,67.050003,7883.660156
2018-08-08,70.989998,38.380001,207.250000,253.830002,76.620003,120.339996,50.180000,1886.520020,70.010002,219.460007,222.000000,35.049999,43.840000,111.419998,128.410004,185.179993,44.959999,45.459999,1245.609985,1261.329956,49.959999,60.279999,121.629997,109.489998,347.609985,86.739998,54.730000,370.339996,66.489998,7888.330078
2018-08-09,70.489998,37.919998,208.880005,253.800003,76.839996,120.139999,49.160000,1898.520020,70.500000,216.580002,219.889999,35.490002,43.779999,111.180000,127.820000,183.089996,45.060001,45.599998,1249.099976,1264.459961,50.139999,60.000000,120.790001,109.669998,349.359985,87.169998,55.040001,352.450012,66.169998,7891.779785
2018-08-10,70.970001,37.259998,207.529999,253.699997,74.660004,118.879997,48.130001,1886.300049,70.610001,212.229996,220.100006,35.080002,43.779999,111.440002,131.320007,180.259995,44.919998,45.480000,1237.609985,1252.510010,48.849998,59.650002,120.160004,109.000000,345.869995,87.010002,54.349998,355.489990,66.489998,7839.109863
2018-08-13,70.199997,36.790001,208.869995,253.539993,72.000000,118.370003,48.250000,1896.199951,70.519997,211.080002,217.570007,35.040001,43.750000,110.970001,131.320007,180.050003,44.709999,45.320000,1235.010010,1248.640015,48.450001,59.279999,120.459999,108.209999,341.309998,87.010002,53.900002,356.410004,66.480003,7819.709961
2018-08-14,68.150002,37.090000,209.750000,256.049988,72.199997,119.680000,48.380001,1919.650024,71.290001,207.300003,216.210007,35.389999,44.000000,111.709999,131.910004,181.110001,44.970001,45.480000,1242.099976,1258.140015,48.119999,59.520000,121.610001,109.559998,337.489990,87.730003,54.250000,347.640015,68.660004,7870.890137
2018-08-15,67.040001,37.439999,210.240005,250.520004,71.690002,115.320000,47.509998,1882.619995,69.309998,206.580002,213.470001,34.970001,43.860001,111.400002,128.050003,179.529999,44.799999,45.340000,1214.380005,1232.219971,47.459999,59.090000,120.430000,107.660004,326.399994,85.190002,53.299999,338.690002,68.730003,7774.120117
2018-08-16,68.139999,38.160000,213.320007,248.889999,71.389999,117.279999,47.430000,1886.520020,69.690002,208.690002,217.300003,35.660000,45.160000,111.320000,129.710007,174.699997,45.119999,45.669998,1206.489990,1224.060059,47.169998,60.029999,122.150002,107.639999,322.440002,85.320000,53.720001,335.450012,69.620003,7806.520020
2018-08-17,68.169998,37.790001,217.580002,245.699997,71.440002,116.000000,43.770000,1882.219971,69.150002,209.270004,222.669998,35.599998,45.869999,110.860001,128.009995,173.800003,44.830002,45.380001,1200.959961,1215.849976,47.099998,61.020000,123.849998,107.580002,316.779999,85.449997,53.549999,305.500000,69.989998,7816.330078
2018-08-20,69.260002,39.990002,215.460007,249.759995,72.510002,116.169998,43.529999,1876.709961,68.930000,206.720001,223.710007,35.430000,46.220001,111.209999,127.709999,172.500000,44.790001,45.389999,1207.770020,1221.949951,46.500000,60.639999,124.400002,106.870003,327.730011,85.750000,53.840000,308.440002,69.989998,7821.009766
2018-08-21,70.250000,40.330002,215.039993,251.500000,72.779999,116.989998,43.759998,1883.420044,69.660004,210.509995,223.130005,35.740002,45.779999,111.339996,126.760002,172.619995,44.840000,45.369999,1201.619995,1217.410034,47.619999,59.840000,125.160004,105.980003,338.019989,86.220001,53.840000,321.899994,70.250000,7859.169922
2018-08-22,70.320000,39.189999,215.050003,255.539993,73.110001,117.699997,42.990002,1904.900024,71.430000,207.539993,223.029999,35.480000,45.990002,112.139999,127.620003,173.639999,44.750000,45.349998,1207.329956,1221.750000,47.049999,59.549999,123.709999,107.059998,344.440002,86.949997,53.549999,321.640015,69.639999,7889.100098
2018-08-23,68.220001,38.830002,215.490005,257.000000,73.070000,116.800003,42.790001,1902.900024,71.169998,205.589996,219.300003,35.310001,46.020000,111.949997,126.110001,172.899994,44.660000,45.270000,1205.380005,1221.160034,46.980000,58.799999,122.180000,107.559998,339.170013,87.379997,53.130001,320.100006,69.279999,7878.459961
2018-08-24,68.900002,38.820000,216.160004,261.510010,73.400002,117.500000,42.730000,1905.390015,74.089996,209.000000,224.360001,36.500000,46.320000,112.970001,128.970001,174.649994,44.580002,45.169998,1220.650024,1236.750000,47.660000,59.029999,123.110001,108.400002,358.820007,90.099998,53.380001,322.820007,69.209999,7945.979980
2018-08-27,70.839996,39.520000,217.940002,262.399994,74.510002,119.970001,43.750000,1927.680054,74.089996,212.970001,228.610001,36.430000,46.590000,113.050003,128.970001,177.460007,44.610001,45.169998,1241.819946,1256.270020,48.349998,59.570000,124.290001,109.599998,364.579987,89.970001,53.360001,319.269989,69.440002,8017.899902
2018-08-28,70.300003,40.689999,219.699997,263.040009,74.449997,120.300003,43.400002,1932.819946,74.000000,214.429993,225.720001,36.349998,46.950001,113.320000,127.790001,176.259995,44.599998,45.220001,1231.150024,1245.859985,48.570000,58.790001,124.680000,110.260002,368.489990,90.610001,53.150002,311.859985,69.279999,8030.040039
2018-08-29,70.430000,40.500000,222.979996,268.359985,75.230003,122.809998,43.099998,1998.099976,74.910004,214.990005,225.869995,36.750000,47.480000,114.419998,128.520004,175.899994,45.009998,45.599998,1249.300049,1264.650024,48.750000,59.299999,126.949997,112.019997,368.040009,92.620003,54.139999,305.010010,68.660004,8109.689941
2018-08-30,69.330002,40.400002,225.029999,266.429993,74.709999,122.800003,43.139999,2002.380005,74.099998,216.649994,224.250000,36.680000,47.150002,114.129997,115.940002,177.639999,44.730000,45.310001,1239.119995,1254.439941,48.240002,58.220001,126.209999,111.949997,370.980011,92.089996,53.820000,303.149994,67.800003,8088.359863
2018-08-31,69.550003,40.480000,227.630005,263.510010,75.139999,122.239998,43.020000,2012.709961,72.099998,219.029999,226.479996,36.990002,47.770000,114.019997,113.410004,175.729996,44.900002,45.400002,1218.189941,1231.800049,48.430000,58.270000,126.470001,112.330002,367.679993,92.330002,54.310001,301.660004,68.559998,8109.540039
2018-09-04,67.959999,40.770000,228.360001,266.679993,74.739998,119.199997,42.619999,2039.510010,72.980003,219.429993,222.179993,36.380001,47.730000,113.419998,113.519997,171.160004,44.869999,45.310001,1197.000000,1211.310059,47.959999,56.660000,126.550003,111.709999,363.600006,93.070000,53.020000,288.950012,67.620003,8091.250000
2018-09-05,65.650002,39.669998,226.869995,256.140015,73.690002,120.330002,42.500000,1994.819946,71.650002,221.419998,216.240005,36.279999,47.270000,112.379997,111.550003,167.179993,44.720001,45.240002,1186.479980,1199.099976,47.720001,57.000000,125.010002,108.489998,341.179993,89.050003,51.200001,280.739990,68.239998,7995.169922
2018-09-06,64.209999,38.480000,223.100006,259.750000,74.279999,117.410004,40.270000,1958.310059,71.959999,215.970001,215.050003,35.919998,47.279999,112.290001,113.199997,162.529999,44.880001,45.340000,1171.439941,1183.989990,47.259998,56.799999,124.980003,108.739998,346.459991,89.000000,50.630001,280.950012,68.029999,7922.729980
2018-09-07,64.820000,38.430000,221.300003,260.869995,74.510002,117.269997,39.849998,1952.069946,73.570000,232.580002,216.039993,36.169998,47.049999,110.959999,114.910004,163.039993,44.740002,45.209999,1164.829956,1177.589966,46.450001,56.590000,126.610001,108.209999,348.679993,88.820000,50.709999,263.239990,68.190002,7902.540039
2018-09-10,63.799999,39.430000,218.330002,265.369995,76.750000,117.809998,39.599998,1939.010010,74.260002,240.610001,213.589996,36.360001,47.070000,110.790001,113.209999,164.179993,44.450001,44.930000,1164.640015,1175.060059,46.299999,57.240002,127.680000,109.379997,348.410004,89.800003,50.669998,285.500000,68.800003,7924.160156
2018-09-11,64.290001,40.180000,223.850006,267.000000,76.900002,117.519997,39.180000,1987.150024,79.500000,232.550003,216.100006,36.299999,47.029999,111.250000,112.290001,165.940002,44.310001,44.730000,1177.359985,1189.989990,44.930000,57.759998,127.349998,111.239998,355.929993,91.430000,51.000000,279.440002,68.739998,7972.470215
2018-09-12,66.519997,39.259998,221.070007,267.790009,76.010002,118.209999,38.389999,1990.000000,80.519997,229.889999,218.690002,36.090000,46.889999,112.129997,113.000000,162.000000,44.209999,44.639999,1162.819946,1171.599976,44.930000,59.119999,127.570000,111.709999,369.950012,92.400002,51.150002,290.540009,70.379997,7954.229980
2018-09-13,67.980003,39.480000,226.410004,268.519989,76.160004,119.050003,38.889999,1989.869995,80.430000,235.419998,222.419998,37.040001,47.240002,112.089996,113.839996,161.360001,44.380001,44.790001,1175.329956,1182.140015,45.570000,59.490002,129.539993,112.910004,368.149994,92.190002,50.040001,289.459991,70.480003,8013.709961
2018-09-14,67.750000,39.740002,223.839996,274.690002,75.800003,118.199997,39.099998,1970.189941,81.269997,236.339996,220.029999,36.959999,47.400002,112.320000,114.269997,162.320007,44.419998,44.810001,1172.530029,1177.979980,45.540001,58.970001,130.429993,113.370003,364.559998,90.779999,50.389999,295.200012,70.279999,8010.040039
2018-09-17,65.900002,40.320000,217.880005,268.250000,74.279999,117.809998,38.700001,1908.030029,78.879997,234.830002,217.660004,36.959999,47.110001,110.739998,112.690002,160.580002,44.340000,44.709999,1156.050049,1159.829956,45.419998,58.349998,129.770004,112.139999,350.350006,88.680000,49.270000,294.839996,70.449997,7895.790039
2018-09-18,64.980003,40.790001,218.240005,270.790009,74.330002,120.820000,39.189999,1941.050049,79.629997,239.729996,216.880005,37.740002,47.459999,110.849998,112.650002,160.300003,44.160000,44.540001,1161.219971,1167.109985,46.099998,57.099998,129.809998,113.209999,367.649994,89.720001,50.650002,284.959991,70.879997,7956.109863
2018-09-19,67.089996,41.599998,218.369995,264.880005,73.739998,121.970001,39.040001,1926.420044,79.580002,241.789993,226.410004,37.320000,47.279999,110.910004,112.919998,163.059998,44.259998,44.619999,1171.089966,1174.270020,46.150002,56.889999,131.229996,111.699997,366.959991,89.309998,50.520000,299.019989,71.279999,7950.040039
2018-09-20,68.349998,41.889999,220.029999,266.339996,74.169998,124.610001,39.389999,1944.300049,80.650002,244.929993,230.619995,37.810001,47.730000,110.440002,113.470001,166.020004,44.200001,44.570000,1186.869995,1191.569946,47.200001,57.570000,132.179993,113.570000,365.359985,90.599998,49.599998,298.329987,72.889999,8028.229980
2018-09-21,67.930000,43.599998,217.660004,260.880005,73.500000,121.989998,39.630001,1915.010010,80.290001,248.100006,228.850006,37.900002,48.560001,110.360001,115.019997,162.929993,43.889999,44.330002,1166.089966,1172.119995,46.660000,57.119999,130.899994,114.260002,361.190002,90.620003,50.000000,299.100006,73.000000,7986.959961
2018-09-24,67.589996,41.980000,220.789993,264.089996,72.870003,128.509995,39.099998,1934.359985,80.599998,249.449997,226.630005,35.630001,48.439999,109.690002,115.239998,165.410004,44.650002,45.009998,1173.369995,1179.560059,46.910000,56.520000,130.240005,114.669998,369.609985,89.620003,51.130001,299.679993,72.199997,7993.250000
2018-09-25,67.860001,40.810001,222.190002,267.839996,72.830002,128.990005,38.580002,1974.550049,80.529999,247.649994,226.600006,35.400002,48.470001,111.279999,116.250000,164.910004,44.810001,45.209999,1184.650024,1193.890015,45.910000,55.660000,129.270004,114.449997,369.429993,90.040001,52.000000,300.989990,72.209999,8007.470215
2018-09-26,68.129997,41.040001,220.419998,268.470001,72.510002,135.610001,38.259998,1974.849976,81.570000,245.429993,228.419998,35.369999,48.410000,111.000000,118.089996,166.949997,45.259998,45.669998,1180.489990,1194.060059,45.700001,55.169998,130.979996,113.980003,377.880005,89.849998,52.279999,309.579987,72.959999,7990.370117
2018-09-27,68.480003,41.500000,224.949997,269.910004,72.410004,138.270004,38.349998,2012.979980,82.870003,246.449997,230.470001,35.220001,48.330002,110.889999,119.379997,168.839996,45.490002,45.840000,1194.640015,1207.359985,45.880001,55.040001,133.419998,114.410004,380.709991,88.989998,51.919998,307.519989,73.809998,8041.970215
2018-09-28,68.120003,41.330002,225.740005,269.950012,73.150002,139.009995,38.650002,2003.000000,83.190002,246.729996,228.679993,35.410000,48.650002,111.160004,120.489998,164.460007,45.820000,46.330002,1193.469971,1207.079956,47.290001,55.110001,132.029999,114.370003,374.130005,87.839996,51.070000,264.769989,72.900002,8046.350098
2018-10-01,67.239998,39.610001,227.259995,275.489990,71.529999,137.119995,38.340000,2004.359985,83.279999,249.509995,227.399994,35.520000,48.869999,111.120003,117.550003,162.440002,45.840000,46.209999,1195.310059,1208.530029,46.450001,55.540001,128.350006,115.610001,381.429993,87.550003,51.070000,310.700012,72.459999,8037.299805
2018-10-02,66.629997,38.500000,229.279999,272.000000,69.410004,135.880005,38.900002,1971.310059,83.389999,248.100006,218.899994,35.700001,49.009998,110.580002,117.050003,159.330002,46.180000,46.549999,1200.109985,1207.640015,48.099998,55.930000,125.970001,115.150002,377.140015,86.680000,50.450001,301.019989,73.489998,7999.549805
2018-10-03,67.250000,38.799999,232.070007,270.510010,69.790001,136.710007,38.919998,1952.760010,83.019997,249.419998,216.350006,35.189999,49.139999,110.430000,116.389999,162.429993,46.509998,46.840000,1202.949951,1211.530029,48.759998,55.599998,124.589996,115.169998,377.049988,87.150002,51.660000,294.799988,73.800003,8025.089844
2018-10-04,65.260002,37.919998,227.990005,263.709991,66.320000,133.610001,37.889999,1909.420044,80.360001,248.169998,210.070007,35.209999,48.380001,108.480003,114.010002,158.850006,46.270000,46.610001,1168.189941,1177.069946,48.130001,55.520000,122.199997,112.790001,363.649994,84.339996,51.540001,281.829987,73.339996,7879.509766
2018-10-05,64.580002,36.439999,224.289993,263.220001,66.239998,130.820007,37.240002,1889.650024,79.589996,244.229996,205.619995,34.560001,48.130001,107.889999,113.730003,157.330002,45.830002,46.110001,1157.349976,1167.829956,47.029999,55.889999,121.449997,112.129997,351.350006,83.180000,50.720001,261.950012,72.510002,7788.450195
2018-10-08,63.090000,35.900002,223.770004,254.690002,65.379997,129.460007,36.590000,1864.420044,77.629997,241.369995,203.979996,35.180000,47.520000,106.820000,110.620003,157.250000,45.470001,45.720001,1148.969971,1155.920044,47.029999,57.060001,120.570000,110.849998,349.100006,80.550003,49.980000,250.559998,74.150002,7735.950195
2018-10-09,61.520000,33.549999,226.869995,254.160004,64.930000,130.580002,35.720001,1870.319946,77.639999,244.699997,200.850006,35.439999,47.490002,106.459999,109.489998,157.899994,45.259998,45.500000,1138.819946,1145.170044,46.549999,56.070000,119.769997,112.260002,355.709991,80.029999,47.799999,262.799988,73.559998,7738.020020
2018-10-10,58.410000,31.610001,216.360001,237.910004,62.500000,123.989998,34.430000,1755.250000,73.580002,231.830002,194.259995,34.279999,45.630001,104.300003,105.150002,151.380005,44.400002,44.619999,1081.219971,1092.160034,44.799999,55.740002,116.480003,106.160004,325.890015,75.449997,44.200001,256.880005,72.309998,7422.049805
2018-10-11,59.930000,31.270000,214.449997,238.589996,61.340000,119.309998,32.790001,1719.359985,73.849998,228.899994,198.000000,33.669998,44.119999,102.110001,103.599998,153.350006,44.790001,45.110001,1079.319946,1090.739990,44.230000,53.820000,114.629997,105.910004,321.100006,75.900002,44.650002,252.229996,70.900002,7329.060059
2018-10-12,61.980000,30.910000,222.110001,248.869995,63.000000,121.940002,33.689999,1788.609985,77.919998,232.949997,204.360001,34.619999,45.709999,102.529999,106.099998,153.740005,44.939999,45.360001,1110.079956,1120.540039,44.880001,54.240002,117.489998,109.570000,339.559998,79.029999,45.349998,258.779999,73.500000,7496.890137
2018-10-15,60.930000,31.780001,217.360001,238.009995,63.299999,121.489998,33.430000,1760.949951,75.669998,232.470001,200.119995,35.090000,44.669998,101.910004,105.879997,153.520004,45.130001,45.520000,1092.250000,1102.439941,44.529999,54.470001,115.510002,107.599998,333.130005,77.230003,45.000000,259.589996,74.720001,7430.740234
2018-10-16,62.830002,33.279999,222.149994,260.670013,65.199997,127.699997,34.759998,1819.959961,78.730003,238.320007,203.210007,36.000000,45.820000,104.139999,107.419998,158.779999,45.560001,45.950001,1121.280029,1133.079956,45.939999,55.439999,117.949997,111.000000,346.399994,80.610001,47.660000,276.589996,76.279999,7645.490234
2018-10-17,62.189999,33.570000,221.190002,258.910004,65.690002,128.940002,34.959999,1831.729980,78.300003,237.169998,200.720001,36.400002,45.939999,105.120003,108.790001,159.419998,45.459999,45.830002,1115.689941,1127.589966,45.889999,56.400002,117.959999,110.709999,364.700012,80.089996,47.160000,271.779999,76.980003,7642.700195
2018-10-18,60.060001,32.060001,216.020004,250.350006,64.500000,126.559998,33.919998,1770.719971,71.809998,228.020004,191.880005,35.939999,45.459999,103.419998,105.800003,154.919998,45.430000,45.810001,1087.969971,1097.910034,44.970001,55.540001,115.290001,108.500000,346.709991,77.480003,46.380001,263.910004,76.580002,7485.140137
2018-10-19,60.389999,32.040001,219.309998,245.029999,64.239998,125.889999,34.290001,1764.030029,69.750000,228.279999,191.919998,35.980000,45.340000,100.699997,102.110001,154.050003,45.529999,45.840000,1096.459961,1105.180054,44.000000,57.560001,112.040001,108.660004,332.670013,84.779999,46.599998,260.000000,77.349998,7449.029785
2018-10-22,62.200001,32.160000,220.649994,251.059998,65.180000,123.919998,33.529999,1789.300049,69.779999,228.619995,196.190002,35.750000,45.759998,102.410004,101.360001,154.779999,45.439999,45.720001,1101.160034,1111.369995,45.009998,56.209999,111.489998,109.629997,329.540009,85.430000,47.270000,260.950012,77.650002,7468.629883
2018-10-23,61.349998,32.380001,222.729996,251.759995,64.220001,123.000000,33.520000,1768.699951,68.980003,229.050003,193.419998,35.650002,45.419998,102.199997,99.089996,154.389999,45.369999,45.630001,1103.689941,1114.910034,44.500000,56.599998,112.349998,108.099998,333.160004,87.570000,47.669998,294.140015,77.260002,7437.540039
2018-10-24,59.070000,30.340000,215.089996,238.440002,62.279999,110.989998,31.809999,1664.199951,67.250000,218.710007,184.470001,34.119999,44.070000,99.930000,96.250000,146.039993,44.290001,44.709999,1050.709961,1057.119995,42.419998,55.779999,107.129997,102.320000,301.829987,83.089996,46.720001,288.500000,74.199997,7108.399902
2018-10-25,60.740002,32.369999,219.800003,252.919998,63.290001,117.160004,32.639999,1782.170044,70.320000,222.240005,190.429993,35.840000,45.470001,102.050003,98.639999,150.949997,44.790001,45.259998,1095.569946,1103.589966,44.310001,55.980000,111.540001,108.300003,312.869995,85.959999,48.750000,314.859985,75.739998,7318.339844
2018-10-26,60.169998,32.459999,216.300003,245.800003,61.970001,116.269997,32.360001,1642.810059,68.839996,213.149994,188.509995,35.240002,44.250000,100.610001,96.220001,145.369995,44.799999,45.139999,1071.469971,1083.750000,45.689999,54.650002,112.730003,106.959999,299.829987,83.370003,47.439999,330.899994,76.230003,7167.209961
2018-10-29,56.830002,32.599998,212.240005,239.750000,62.049999,112.260002,31.120001,1538.880005,65.220001,211.500000,181.750000,35.990002,43.840000,101.309998,91.190002,142.089996,45.209999,45.410000,1020.080017,1034.729980,45.400002,55.520000,112.779999,103.849998,284.839996,81.150002,48.939999,334.850006,76.820000,7050.290039
2018-10-30,57.919998,34.660000,213.300003,238.410004,72.550003,114.190002,32.419998,1530.420044,67.480003,221.009995,183.369995,37.709999,44.580002,101.550003,94.830002,146.220001,45.290001,45.680000,1036.209961,1049.510010,47.759998,55.849998,115.269997,103.730003,285.809998,80.900002,50.669998,329.899994,78.800003,7161.649902
2018-10-31,60.099998,35.080002,218.860001,245.759995,72.250000,112.070000,32.880001,1598.010010,69.050003,223.490005,190.059998,38.139999,45.750000,102.470001,90.980003,151.789993,45.180000,45.520000,1076.770020,1090.579956,46.880001,54.970001,116.889999,106.809998,301.779999,84.190002,52.139999,337.320007,79.769997,7305.899902
2018-11-01,62.860001,36.369999,222.220001,245.279999,72.290001,119.699997,35.349998,1665.530029,69.320000,229.880005,201.470001,37.950001,45.650002,103.160004,94.199997,151.750000,46.200001,46.540001,1070.000000,1085.979980,48.220001,56.200001,121.089996,105.919998,317.380005,85.040001,53.290001,344.279999,79.900002,7434.060059
2018-11-02,61.730000,36.330002,207.479996,239.639999,71.760002,122.820000,35.270000,1665.530029,68.989998,220.770004,194.690002,37.660000,45.480000,102.760002,92.459999,150.350006,46.080002,46.540001,1057.790039,1071.489990,47.110001,50.730000,120.930000,106.160004,309.100006,83.510002,53.630001,346.410004,79.300003,7356.990234
2018-11-05,60.869999,35.720001,201.589996,239.889999,68.949997,123.209999,34.320000,1627.800049,64.339996,220.089996,190.589996,38.020000,46.139999,103.419998,92.690002,148.679993,46.410000,46.869999,1040.089966,1055.729980,47.970001,52.389999,120.680000,107.510002,315.440002,84.050003,53.240002,341.399994,79.970001,7328.850098
2018-11-06,61.930000,35.169998,203.770004,240.559998,69.830002,123.220001,34.869999,1642.810059,64.250000,228.250000,192.440002,37.730000,46.500000,104.379997,92.230003,149.940002,46.779999,47.160000,1055.810059,1069.569946,47.250000,53.459999,114.550003,107.720001,310.839996,84.690002,57.000000,341.059998,80.599998,7375.959961
2018-11-07,63.599998,36.970001,209.949997,253.429993,71.550003,127.180000,35.250000,1755.489990,65.089996,234.399994,195.410004,38.299999,47.900002,106.029999,93.800003,151.529999,47.160000,47.549999,1093.390015,1108.239990,48.720001,53.549999,116.139999,111.959999,327.500000,88.230003,58.070000,348.160004,81.910004,7570.750000
2018-11-08,62.480000,36.860001,208.490005,249.960007,72.180000,127.180000,34.939999,1754.910034,62.790001,240.250000,188.550003,38.299999,48.439999,107.059998,93.870003,147.869995,47.470001,47.840000,1082.400024,1094.630005,48.990002,53.310001,116.910004,111.750000,317.920013,89.040001,66.930000,351.399994,82.440002,7530.879883
2018-11-09,60.980000,36.220001,204.470001,244.839996,70.940002,123.440002,34.279999,1712.430054,55.009998,238.990005,183.750000,38.340000,47.110001,107.010002,88.889999,144.960007,47.709999,48.160000,1066.150024,1077.020020,48.110001,53.990002,117.040001,109.570000,303.470001,86.760002,63.299999,350.510010,82.389999,7406.899902
2018-11-12,59.950001,36.860001,194.169998,236.669998,69.080002,118.599998,32.619999,1636.849976,53.889999,223.630005,180.429993,38.000000,45.619999,105.550003,87.660004,141.550003,47.590000,48.070000,1038.630005,1049.359985,46.650002,53.669998,115.070000,106.870003,294.070007,83.779999,62.669998,331.279999,81.809998,7200.870117
2018-11-13,61.209999,37.779999,192.229996,238.740005,69.190002,118.519997,33.490002,1631.170044,52.549999,224.830002,183.339996,37.720001,45.119999,106.019997,87.389999,142.160004,47.279999,47.720001,1036.050049,1047.969971,47.389999,53.380001,116.550003,106.940002,294.399994,83.779999,63.099998,338.730011,81.919998,7200.870117
2018-11-14,62.279999,38.110001,186.800003,235.220001,68.410004,116.110001,33.580002,1599.010010,51.599998,226.199997,185.059998,38.290001,44.330002,105.769997,85.760002,144.220001,47.430000,47.930000,1043.660034,1054.579956,47.090000,52.639999,116.300003,104.970001,286.730011,84.050003,61.349998,344.000000,81.519997,7136.390137
2018-11-15,64.389999,37.820000,191.410004,239.949997,69.459999,119.680000,35.020000,1619.439941,53.560001,236.339996,188.410004,38.490002,46.770000,107.650002,88.250000,143.850006,47.790001,48.270000,1064.709961,1071.050049,48.110001,51.990002,118.309998,107.279999,290.059998,86.739998,63.200001,348.440002,82.290001,7259.029785
2018-11-16,63.590000,36.750000,193.529999,238.889999,69.870003,118.620003,35.400002,1593.410034,50.939999,237.610001,186.949997,38.590000,46.349998,108.750000,85.970001,139.529999,47.730000,48.160000,1061.489990,1068.270020,48.830002,52.080002,118.650002,108.290001,286.209991,85.059998,63.669998,354.309998,82.519997,7247.870117
2018-11-19,62.220001,35.820000,185.860001,219.690002,68.269997,115.059998,34.419998,1512.290039,49.139999,229.130005,183.089996,38.180000,45.750000,107.089996,83.040001,131.550003,48.540001,48.910000,1020.000000,1027.420044,48.000000,51.889999,116.500000,104.620003,270.600006,80.129997,60.869999,353.470001,81.919998,7028.479980
2018-11-20,60.889999,35.590000,176.979996,219.729996,66.669998,116.820000,35.770000,1495.459961,49.259998,227.710007,177.479996,36.759998,44.490002,106.120003,83.019997,132.429993,48.310001,48.570000,1025.760010,1030.449951,47.389999,50.939999,115.559998,101.709999,266.980011,77.760002,58.759998,347.489990,79.790001,6908.819824
2018-11-21,62.150002,36.310001,176.779999,225.979996,67.879997,118.110001,35.189999,1516.729980,50.849998,230.000000,183.949997,37.509998,44.889999,106.889999,84.019997,134.820007,48.540001,48.860001,1037.609985,1043.430054,47.029999,51.160000,117.169998,103.110001,262.130005,79.120003,59.389999,338.190002,79.760002,6972.250000
2018-11-23,62.400002,37.950001,172.289993,225.559998,67.790001,118.099998,35.049999,1502.060059,50.049999,229.899994,182.610001,37.389999,44.540001,106.680000,82.669998,131.729996,48.660000,48.939999,1023.880005,1030.099976,46.540001,51.040001,117.260002,103.070000,258.820007,77.949997,58.650002,325.829987,80.809998,6938.979980
2018-11-26,64.370003,38.099998,174.619995,231.960007,68.400002,119.000000,36.009998,1581.329956,50.910000,235.309998,185.190002,37.770000,45.570000,107.800003,84.930000,136.380005,48.549999,48.869999,1048.619995,1055.939941,47.450001,51.070000,119.900002,106.470001,261.429993,80.860001,61.209999,346.000000,81.699997,7081.850098
2018-11-27,64.160004,38.290001,174.240005,232.250000,67.570000,120.930000,36.000000,1581.420044,50.750000,235.830002,182.789993,38.360001,46.119999,108.519997,85.040001,135.000000,48.889999,49.099998,1044.410034,1052.280029,48.070000,51.799999,119.970001,107.139999,266.630005,81.970001,61.889999,343.920013,83.519997,7082.700195
2018-11-28,65.430000,38.939999,180.940002,249.210007,69.599998,122.839996,37.110001,1677.750000,51.020000,235.220001,188.440002,39.060001,47.290001,111.419998,85.900002,136.759995,49.250000,49.480000,1086.229980,1091.790039,48.860001,51.180000,122.190002,111.120003,282.649994,85.980003,63.320000,347.869995,84.639999,7291.589844
2018-11-29,64.419998,38.419998,179.550003,249.089996,68.110001,123.339996,36.540001,1673.569946,52.560001,235.779999,183.220001,39.419998,47.340000,110.459999,86.389999,138.679993,49.299999,49.529999,1088.300049,1094.579956,47.700001,51.189999,121.839996,110.190002,288.750000,84.260002,63.540001,341.170013,84.849998,7273.080078
2018-11-30,65.589996,40.160000,178.580002,250.889999,68.750000,123.150002,37.279999,1690.170044,49.880001,237.410004,188.279999,39.009998,47.869999,108.970001,84.070000,140.610001,49.029999,49.470001,1094.430054,1109.650024,49.310001,51.119999,115.029999,110.889999,286.130005,85.809998,64.059998,350.480011,84.669998,7330.540039
2018-12-03,66.820000,39.650002,184.820007,255.259995,70.239998,125.470001,38.340000,1772.359985,46.599998,242.070007,191.330002,39.150002,48.740002,110.290001,84.000000,141.089996,49.389999,49.660000,1106.430054,1116.359985,50.130001,51.419998,119.529999,112.089996,290.299988,87.980003,64.589996,358.489990,85.690002,7441.509766
2018-12-04,64.800003,36.689999,176.690002,245.820007,68.709999,122.300003,35.430000,1668.400024,46.520000,232.039993,182.660004,37.689999,47.349998,108.870003,81.180000,137.929993,48.919998,49.119999,1050.819946,1062.469971,47.750000,49.980000,113.500000,108.519997,275.329987,84.190002,63.220001,359.700012,82.820000,7158.430176
2018-12-06,63.860001,36.939999,174.720001,250.630005,69.019997,121.040001,34.689999,1699.189941,48.150002,227.240005,180.699997,37.880001,48.389999,109.320000,83.879997,139.630005,49.230000,49.500000,1068.729980,1078.079956,48.369999,49.520000,115.320000,109.190002,282.880005,85.820000,63.880001,363.059998,82.940002,7188.259766
2018-12-07,63.009998,33.570000,168.490005,238.000000,66.650002,115.599998,33.639999,1629.130005,47.230000,228.559998,179.559998,37.410000,46.439999,107.370003,82.519997,137.419998,48.990002,49.259998,1036.579956,1046.579956,46.240002,48.709999,111.250000,104.820000,265.140015,82.769997,61.610001,357.970001,81.190002,6969.250000
2018-12-10,62.230000,33.840000,169.600006,244.089996,67.279999,114.650002,34.169998,1641.030029,47.880001,239.250000,179.199997,37.349998,46.860001,108.550003,83.730003,141.850006,49.020000,49.349998,1039.550049,1053.180054,47.209999,48.270000,110.809998,107.589996,269.700012,84.930000,61.090000,365.149994,81.160004,7020.520020
2018-12-11,62.570000,34.099998,168.630005,245.339996,67.419998,114.830002,34.020000,1643.239990,48.200001,246.839996,176.850006,36.840000,47.090000,109.260002,83.440002,142.080002,49.009998,49.240002,1051.750000,1061.650024,47.380001,48.380001,110.029999,108.589996,265.320007,85.510002,61.790001,366.760010,81.809998,7031.830078
2018-12-12,62.820000,34.349998,169.100006,245.550003,68.029999,117.010002,34.200001,1663.540039,48.450001,254.979996,179.750000,36.980000,47.419998,110.320000,82.989998,144.500000,48.919998,49.130001,1063.680054,1073.729980,47.830002,48.259998,110.070000,109.080002,274.880005,86.500000,62.560001,366.600006,82.440002,7098.310059
2018-12-13,62.759998,32.459999,170.949997,248.080002,67.250000,112.430000,33.709999,1658.380005,48.509998,258.299988,179.899994,36.759998,47.470001,110.260002,80.860001,145.009995,48.919998,49.139999,1061.900024,1073.540039,48.290001,48.470001,108.849998,109.449997,276.019989,87.559998,61.389999,376.790009,82.320000,7070.330078
2018-12-14,62.009998,32.410000,165.479996,230.000000,65.099998,109.430000,32.650002,1591.910034,47.750000,254.830002,177.539993,36.340000,45.820000,109.139999,80.160004,144.059998,48.799999,49.060001,1042.099976,1051.709961,47.860001,47.459999,107.660004,106.029999,266.839996,85.919998,60.700001,365.709991,78.739998,6910.660156
2018-12-17,60.080002,32.040001,163.940002,221.380005,64.209999,109.529999,32.669998,1520.910034,47.080002,254.130005,169.860001,36.209999,44.200001,106.629997,79.230003,140.190002,48.770000,48.950001,1016.530029,1025.650024,47.080002,46.820000,107.660004,102.889999,262.799988,84.099998,57.709999,348.420013,76.220001,6753.729980
2018-12-18,59.119999,33.540001,166.070007,226.179993,64.349998,105.989998,33.279999,1551.479980,47.320000,249.669998,167.610001,35.650002,44.060001,106.529999,80.000000,143.660004,48.500000,48.779999,1028.709961,1043.410034,47.740002,46.150002,108.239998,103.970001,270.940002,85.510002,57.980000,337.029999,75.480003,6783.910156
2018-12-19,57.700001,32.419998,160.889999,224.649994,63.020000,102.779999,31.530001,1495.079956,46.330002,243.889999,162.479996,35.189999,43.139999,105.959999,78.360001,133.240005,48.189999,48.520000,1023.010010,1035.459961,45.570000,45.090000,106.389999,103.690002,266.769989,84.029999,56.669998,332.970001,73.290001,6636.830078
2018-12-20,56.709999,31.889999,156.830002,218.649994,62.299999,101.220001,30.900000,1460.829956,47.049999,241.889999,160.360001,34.619999,42.490002,103.199997,77.440002,133.399994,47.730000,48.000000,1009.409973,1023.580017,45.540001,44.849998,104.190002,101.510002,260.579987,82.440002,55.009998,315.380005,69.610001,6528.410156
2018-12-21,55.650002,30.780001,150.729996,208.800003,59.799999,94.629997,30.309999,1377.449951,45.849998,244.910004,157.419998,33.750000,41.849998,100.760002,76.570000,124.949997,46.599998,46.900002,979.539978,991.250000,44.840000,44.049999,102.879997,98.230003,246.389999,78.139999,52.480000,319.769989,67.260002,6332.990234
2018-12-24,55.709999,29.719999,146.830002,205.160004,58.330002,93.940002,28.990000,1343.959961,43.990002,233.800003,157.119995,33.070000,40.279999,99.470001,74.720001,124.059998,46.000000,46.349998,976.219971,984.669983,43.590000,42.540001,100.989998,94.129997,233.880005,77.059998,51.610001,295.390015,65.260002,6192.919922
2018-12-26,57.900002,32.290001,157.169998,222.949997,60.980000,97.870003,30.639999,1470.900024,46.419998,248.139999,163.039993,34.139999,42.470001,101.400002,77.889999,134.179993,47.529999,47.860001,1039.459961,1047.849976,46.189999,43.290001,105.580002,100.559998,253.669998,82.800003,53.680000,326.089996,67.720001,6554.359863
2018-12-27,57.970001,32.040001,156.149994,225.139999,61.650002,98.099998,31.549999,1461.640015,47.040001,250.850006,161.580002,34.470001,42.910000,102.150002,79.430000,134.520004,47.750000,48.009998,1043.880005,1052.900024,46.360001,43.759998,106.629997,101.180000,255.570007,84.309998,54.119999,316.130005,68.360001,6579.490234
2018-12-28,58.349998,31.830000,156.229996,223.130005,61.049999,97.209999,32.380001,1478.020020,46.799999,253.589996,162.169998,34.349998,42.770000,101.800003,79.300003,133.199997,47.619999,47.970001,1037.079956,1046.680054,46.750000,43.570000,107.239998,100.389999,256.079987,83.260002,53.549999,333.869995,68.050003,6584.520020
