<?xml version="1.0" encoding="UTF-8"?>
<config xmlns="http://www.knime.org/2008/09/XMLConfig" xmlns:xsi="http://www.w3.org/2001/XMLSchema-instance" xsi:schemaLocation="http://www.knime.org/2008/09/XMLConfig http://www.knime.org/XMLConfig_2008_09.xsd" key="model.xml">
<entry key="version" type="xint" value="1"/>
<entry key="class_name" type="xstring" value="org.knime.base.data.normalize.NormalizerPortObject"/>
<config key="model">
<config key="columns">
<config key="cantidad(-4)">
<entry key="column_name" type="xstring" value="cantidad(-4)"/>
<entry key="column_scale" type="xdouble" value="5.913660555884093E-4"/>
<entry key="column_translate" type="xdouble" value="0.0"/>
<entry key="column_min" type="xdouble" value="0.0"/>
<entry key="column_max" type="xdouble" value="1.0"/>
</config>
<config key="temperatura_media_media(-7)">
<entry key="column_name" type="xstring" value="temperatura_media_media(-7)"/>
<entry key="column_scale" type="xdouble" value="0.04487121959974872"/>
<entry key="column_translate" type="xdouble" value="-0.4551287804002513"/>
<entry key="column_min" type="xdouble" value="0.0"/>
<entry key="column_max" type="xdouble" value="1.0"/>
</config>
<config key="temperatura_media_media(-8)">
<entry key="column_name" type="xstring" value="temperatura_media_media(-8)"/>
<entry key="column_scale" type="xdouble" value="0.04487121959974872"/>
<entry key="column_translate" type="xdouble" value="-0.4551287804002513"/>
<entry key="column_min" type="xdouble" value="0.0"/>
<entry key="column_max" type="xdouble" value="1.0"/>
</config>
<config key="temperatura_media_media(-9)">
<entry key="column_name" type="xstring" value="temperatura_media_media(-9)"/>
<entry key="column_scale" type="xdouble" value="0.04487121959974872"/>
<entry key="column_translate" type="xdouble" value="-0.4551287804002513"/>
<entry key="column_min" type="xdouble" value="0.0"/>
<entry key="column_max" type="xdouble" value="1.0"/>
</config>
<config key="temperatura_media_media(-10)">
<entry key="column_name" type="xstring" value="temperatura_media_media(-10)"/>
<entry key="column_scale" type="xdouble" value="0.04487121959974872"/>
<entry key="column_translate" type="xdouble" value="-0.4551287804002513"/>
<entry key="column_min" type="xdouble" value="0.0"/>
<entry key="column_max" type="xdouble" value="1.0"/>
</config>
<config key="temperatura_media_media(-11)">
<entry key="column_name" type="xstring" value="temperatura_media_media(-11)"/>
<entry key="column_scale" type="xdouble" value="0.04487121959974872"/>
<entry key="column_translate" type="xdouble" value="-0.4551287804002513"/>
<entry key="column_min" type="xdouble" value="0.0"/>
<entry key="column_max" type="xdouble" value="1.0"/>
</config>
<config key="nivel(-5)">
<entry key="column_name" type="xstring" value="nivel(-5)"/>
<entry key="column_scale" type="xdouble" value="0.14326647564469916"/>
<entry key="column_translate" type="xdouble" value="-0.05730659025787967"/>
<entry key="column_min" type="xdouble" value="0.0"/>
<entry key="column_max" type="xdouble" value="1.0"/>
</config>
<config key="nivel(-6)">
<entry key="column_name" type="xstring" value="nivel(-6)"/>
<entry key="column_scale" type="xdouble" value="0.14326647564469916"/>
<entry key="column_translate" type="xdouble" value="-0.05730659025787967"/>
<entry key="column_min" type="xdouble" value="0.0"/>
<entry key="column_max" type="xdouble" value="1.0"/>
</config>
<config key="nivel(-7)">
<entry key="column_name" type="xstring" value="nivel(-7)"/>
<entry key="column_scale" type="xdouble" value="0.14326647564469916"/>
<entry key="column_translate" type="xdouble" value="-0.05730659025787967"/>
<entry key="column_min" type="xdouble" value="0.0"/>
<entry key="column_max" type="xdouble" value="1.0"/>
</config>
<config key="nivel(-8)">
<entry key="column_name" type="xstring" value="nivel(-8)"/>
<entry key="column_scale" type="xdouble" value="0.14326647564469916"/>
<entry key="column_translate" type="xdouble" value="-0.05730659025787967"/>
<entry key="column_min" type="xdouble" value="0.0"/>
<entry key="column_max" type="xdouble" value="1.0"/>
</config>
<config key="nivel(-9)">
<entry key="column_name" type="xstring" value="nivel(-9)"/>
<entry key="column_scale" type="xdouble" value="0.14326647564469916"/>
<entry key="column_translate" type="xdouble" value="-0.05730659025787967"/>
<entry key="column_min" type="xdouble" value="0.0"/>
<entry key="column_max" type="xdouble" value="1.0"/>
</config>
<config key="nivel(-10)">
<entry key="column_name" type="xstring" value="nivel(-10)"/>
<entry key="column_scale" type="xdouble" value="0.14326647564469916"/>
<entry key="column_translate" type="xdouble" value="-0.05730659025787967"/>
<entry key="column_min" type="xdouble" value="0.0"/>
<entry key="column_max" type="xdouble" value="1.0"/>
</config>
<config key="nivel(-11)">
<entry key="column_name" type="xstring" value="nivel(-11)"/>
<entry key="column_scale" type="xdouble" value="0.14326647564469916"/>
<entry key="column_translate" type="xdouble" value="-0.05730659025787967"/>
<entry key="column_min" type="xdouble" value="0.0"/>
<entry key="column_max" type="xdouble" value="1.0"/>
</config>
<config key="cantidad">
<entry key="column_name" type="xstring" value="cantidad"/>
<entry key="column_scale" type="xdouble" value="5.913660555884093E-4"/>
<entry key="column_translate" type="xdouble" value="0.0"/>
<entry key="column_min" type="xdouble" value="0.0"/>
<entry key="column_max" type="xdouble" value="1.0"/>
</config>
</config>
<entry key="summary" type="xstring" value="Min/Max (0.0, 1) normalization on 14 column(s)"/>
</config>
</config>
