<?xml version="1.0" encoding="UTF-8"?>
<config xmlns="http://www.knime.org/2008/09/XMLConfig" xmlns:xsi="http://www.w3.org/2001/XMLSchema-instance" xsi:schemaLocation="http://www.knime.org/2008/09/XMLConfig http://www.knime.org/XMLConfig_2008_09.xsd" key="MiningSchema">
<config key="learning">
<entry key="array-size" type="xint" value="14"/>
<entry key="0" type="xstring" value="categoria"/>
<entry key="1" type="xstring" value="moneda"/>
<entry key="2" type="xstring" value="monto_adjudicado_gs"/>
<entry key="3" type="xstring" value="subasta"/>
<entry key="4" type="xstring" value="plurianual"/>
<entry key="5" type="xstring" value="contrato_abierto"/>
<entry key="6" type="xstring" value="fonacide"/>
<entry key="7" type="xstring" value="abastecimiento_simultaneo"/>
<entry key="8" type="xstring" value="adreferendum"/>
<entry key="9" type="xstring" value="licitacion_sin_difusion"/>
<entry key="10" type="xstring" value="urgencia_impostergable"/>
<entry key="11" type="xstring" value="seguridad_nacional"/>
<entry key="12" type="xstring" value="precalificacion"/>
<entry key="13" type="xstring" value="con_suspension"/>
</config>
<config key="target">
<entry key="array-size" type="xint" value="1"/>
<entry key="0" type="xstring" value="diasPublicacionApertura [Binned]"/>
</config>
</config>
