<?xml version="1.0" encoding="UTF-8"?>
<config xmlns="http://www.knime.org/2008/09/XMLConfig" xmlns:xsi="http://www.w3.org/2001/XMLSchema-instance" xsi:schemaLocation="http://www.knime.org/2008/09/XMLConfig http://www.knime.org/XMLConfig_2008_09.xsd" key="model.xml">
<entry key="version" type="xint" value="1"/>
<entry key="class_name" type="xstring" value="org.knime.base.data.normalize.NormalizerPortObject"/>
<config key="model">
<config key="columns">
<config key="monto_adjudicado_gs">
<entry key="column_name" type="xstring" value="monto_adjudicado_gs"/>
<entry key="column_scale" type="xdouble" value="4.295132505098136E-13"/>
<entry key="column_translate" type="xdouble" value="-4.295132505098136E-7"/>
<entry key="column_min" type="xdouble" value="0.0"/>
<entry key="column_max" type="xdouble" value="1.0"/>
</config>
<config key="con_proceso">
<entry key="column_name" type="xstring" value="con_proceso"/>
<entry key="column_scale" type="xdouble" value="1.0"/>
<entry key="column_translate" type="xdouble" value="0.0"/>
<entry key="column_min" type="xdouble" value="0.0"/>
<entry key="column_max" type="xdouble" value="1.0"/>
</config>
<config key="con_suspension">
<entry key="column_name" type="xstring" value="con_suspension"/>
<entry key="column_scale" type="xdouble" value="1.0"/>
<entry key="column_translate" type="xdouble" value="0.0"/>
<entry key="column_min" type="xdouble" value="0.0"/>
<entry key="column_max" type="xdouble" value="1.0"/>
</config>
<config key="diasPublicacionApertura">
<entry key="column_name" type="xstring" value="diasPublicacionApertura"/>
<entry key="column_scale" type="xdouble" value="0.001519756838905775"/>
<entry key="column_translate" type="xdouble" value="0.270516717325228"/>
<entry key="column_min" type="xdouble" value="0.0"/>
<entry key="column_max" type="xdouble" value="1.0"/>
</config>
<config key="diasPublicacionContrato">
<entry key="column_name" type="xstring" value="diasPublicacionContrato"/>
<entry key="column_scale" type="xdouble" value="9.149130832570906E-4"/>
<entry key="column_translate" type="xdouble" value="0.31747483989021047"/>
<entry key="column_min" type="xdouble" value="0.0"/>
<entry key="column_max" type="xdouble" value="1.0"/>
</config>
</config>
<entry key="summary" type="xstring" value="Min/Max (0.0, 1) normalization on 5 column(s)"/>
</config>
</config>
